"{'location': 'Marino Center - 2nd Floor', 'count': 28, 'time': datetime.datetime(2023, 1, 11, 3, 44, 56, 997628)}","{'location': 'Marino Center - 2nd Floor', 'count': 28, 'time': datetime.datetime(2023, 1, 11, 3, 44, 56, 997628)}","{'location': 'Marino Center - Gymnasium', 'count': 45, 'time': datetime.datetime(2023, 1, 11, 3, 44, 56, 997628)}","{'location': 'Marino Center - Gymnasium', 'count': 45, 'time': datetime.datetime(2023, 1, 11, 3, 44, 56, 997628)}","{'location': 'Marino Center - 3rd Floor Weight Room', 'count': 40, 'time': datetime.datetime(2023, 1, 11, 3, 44, 56, 997628)}","{'location': 'Marino Center - 3rd Floor Weight Room', 'count': 40, 'time': datetime.datetime(2023, 1, 11, 3, 44, 56, 997628)}","{'location': 'Marino Center - 3rd Floor Select & Cardio', 'count': 30, 'time': datetime.datetime(2023, 1, 11, 3, 44, 56, 997628)}","{'location': 'Marino Center - 3rd Floor Select & Cardio', 'count': 30, 'time': datetime.datetime(2023, 1, 11, 3, 44, 56, 997628)}","{'location': 'Marino Center - Track', 'count': 3, 'time': datetime.datetime(2023, 1, 11, 3, 44, 56, 997628)}","{'location': 'Marino Center - Track', 'count': 3, 'time': datetime.datetime(2023, 1, 11, 3, 44, 56, 997628)}","{'location': 'SquashBusters - 4th Floor', 'count': 23, 'time': datetime.datetime(2023, 1, 11, 3, 44, 56, 997628)}","{'location': 'SquashBusters - 4th Floor', 'count': 23, 'time': datetime.datetime(2023, 1, 11, 3, 44, 56, 997628)}"
"{'location': 'Marino Center - 2nd Floor', 'count': 28, 'time': datetime.datetime(2023, 1, 11, 3, 45, 18, 490425)}","{'location': 'Marino Center - 2nd Floor', 'count': 28, 'time': datetime.datetime(2023, 1, 11, 3, 45, 18, 490425)}","{'location': 'Marino Center - Gymnasium', 'count': 45, 'time': datetime.datetime(2023, 1, 11, 3, 45, 18, 490425)}","{'location': 'Marino Center - Gymnasium', 'count': 45, 'time': datetime.datetime(2023, 1, 11, 3, 45, 18, 490425)}","{'location': 'Marino Center - 3rd Floor Weight Room', 'count': 40, 'time': datetime.datetime(2023, 1, 11, 3, 45, 18, 490425)}","{'location': 'Marino Center - 3rd Floor Weight Room', 'count': 40, 'time': datetime.datetime(2023, 1, 11, 3, 45, 18, 490425)}","{'location': 'Marino Center - 3rd Floor Select & Cardio', 'count': 30, 'time': datetime.datetime(2023, 1, 11, 3, 45, 18, 490425)}","{'location': 'Marino Center - 3rd Floor Select & Cardio', 'count': 30, 'time': datetime.datetime(2023, 1, 11, 3, 45, 18, 490425)}","{'location': 'Marino Center - Track', 'count': 3, 'time': datetime.datetime(2023, 1, 11, 3, 45, 18, 490425)}","{'location': 'Marino Center - Track', 'count': 3, 'time': datetime.datetime(2023, 1, 11, 3, 45, 18, 490425)}","{'location': 'SquashBusters - 4th Floor', 'count': 23, 'time': datetime.datetime(2023, 1, 11, 3, 45, 18, 490425)}","{'location': 'SquashBusters - 4th Floor', 'count': 23, 'time': datetime.datetime(2023, 1, 11, 3, 45, 18, 490425)}"
"{'location': 'Marino Center - 2nd Floor', 'count': 28, 'time': datetime.datetime(2023, 1, 11, 3, 55, 19, 456648)}","{'location': 'Marino Center - 2nd Floor', 'count': 28, 'time': datetime.datetime(2023, 1, 11, 3, 55, 19, 456648)}","{'location': 'Marino Center - Gymnasium', 'count': 45, 'time': datetime.datetime(2023, 1, 11, 3, 55, 19, 457630)}","{'location': 'Marino Center - Gymnasium', 'count': 45, 'time': datetime.datetime(2023, 1, 11, 3, 55, 19, 457630)}","{'location': 'Marino Center - 3rd Floor Weight Room', 'count': 40, 'time': datetime.datetime(2023, 1, 11, 3, 55, 19, 457630)}","{'location': 'Marino Center - 3rd Floor Weight Room', 'count': 40, 'time': datetime.datetime(2023, 1, 11, 3, 55, 19, 457630)}","{'location': 'Marino Center - 3rd Floor Select & Cardio', 'count': 30, 'time': datetime.datetime(2023, 1, 11, 3, 55, 19, 457630)}","{'location': 'Marino Center - 3rd Floor Select & Cardio', 'count': 30, 'time': datetime.datetime(2023, 1, 11, 3, 55, 19, 458625)}","{'location': 'Marino Center - Track', 'count': 3, 'time': datetime.datetime(2023, 1, 11, 3, 55, 19, 458625)}","{'location': 'Marino Center - Track', 'count': 3, 'time': datetime.datetime(2023, 1, 11, 3, 55, 19, 458625)}","{'location': 'SquashBusters - 4th Floor', 'count': 23, 'time': datetime.datetime(2023, 1, 11, 3, 55, 19, 458625)}","{'location': 'SquashBusters - 4th Floor', 'count': 23, 'time': datetime.datetime(2023, 1, 11, 3, 55, 19, 458625)}"
"{'location': 'Marino Center - 2nd Floor', 'count': 28, 'time': datetime.datetime(2023, 1, 11, 4, 5, 20, 379870)}","{'location': 'Marino Center - 2nd Floor', 'count': 28, 'time': datetime.datetime(2023, 1, 11, 4, 5, 20, 379870)}","{'location': 'Marino Center - Gymnasium', 'count': 32, 'time': datetime.datetime(2023, 1, 11, 4, 5, 20, 379870)}","{'location': 'Marino Center - Gymnasium', 'count': 32, 'time': datetime.datetime(2023, 1, 11, 4, 5, 20, 380878)}","{'location': 'Marino Center - 3rd Floor Weight Room', 'count': 40, 'time': datetime.datetime(2023, 1, 11, 4, 5, 20, 380878)}","{'location': 'Marino Center - 3rd Floor Weight Room', 'count': 40, 'time': datetime.datetime(2023, 1, 11, 4, 5, 20, 380878)}","{'location': 'Marino Center - 3rd Floor Select & Cardio', 'count': 30, 'time': datetime.datetime(2023, 1, 11, 4, 5, 20, 380878)}","{'location': 'Marino Center - 3rd Floor Select & Cardio', 'count': 30, 'time': datetime.datetime(2023, 1, 11, 4, 5, 20, 380878)}","{'location': 'Marino Center - Track', 'count': 3, 'time': datetime.datetime(2023, 1, 11, 4, 5, 20, 380878)}","{'location': 'Marino Center - Track', 'count': 3, 'time': datetime.datetime(2023, 1, 11, 4, 5, 20, 380878)}","{'location': 'SquashBusters - 4th Floor', 'count': 16, 'time': datetime.datetime(2023, 1, 11, 4, 5, 20, 381857)}","{'location': 'SquashBusters - 4th Floor', 'count': 16, 'time': datetime.datetime(2023, 1, 11, 4, 5, 20, 381857)}"
"{'location': 'Marino Center - 2nd Floor', 'count': 28, 'time': datetime.datetime(2023, 1, 11, 4, 15, 21, 259361)}","{'location': 'Marino Center - 2nd Floor', 'count': 28, 'time': datetime.datetime(2023, 1, 11, 4, 15, 21, 259361)}","{'location': 'Marino Center - Gymnasium', 'count': 32, 'time': datetime.datetime(2023, 1, 11, 4, 15, 21, 259361)}","{'location': 'Marino Center - Gymnasium', 'count': 32, 'time': datetime.datetime(2023, 1, 11, 4, 15, 21, 259361)}","{'location': 'Marino Center - 3rd Floor Weight Room', 'count': 40, 'time': datetime.datetime(2023, 1, 11, 4, 15, 21, 259361)}","{'location': 'Marino Center - 3rd Floor Weight Room', 'count': 40, 'time': datetime.datetime(2023, 1, 11, 4, 15, 21, 259361)}","{'location': 'Marino Center - 3rd Floor Select & Cardio', 'count': 30, 'time': datetime.datetime(2023, 1, 11, 4, 15, 21, 259361)}","{'location': 'Marino Center - 3rd Floor Select & Cardio', 'count': 30, 'time': datetime.datetime(2023, 1, 11, 4, 15, 21, 260358)}","{'location': 'Marino Center - Track', 'count': 3, 'time': datetime.datetime(2023, 1, 11, 4, 15, 21, 260358)}","{'location': 'Marino Center - Track', 'count': 3, 'time': datetime.datetime(2023, 1, 11, 4, 15, 21, 260358)}","{'location': 'SquashBusters - 4th Floor', 'count': 16, 'time': datetime.datetime(2023, 1, 11, 4, 15, 21, 260358)}","{'location': 'SquashBusters - 4th Floor', 'count': 16, 'time': datetime.datetime(2023, 1, 11, 4, 15, 21, 260358)}"
"{'location': 'Marino Center - 2nd Floor', 'count': 28, 'time': datetime.datetime(2023, 1, 11, 4, 25, 22, 165443)}","{'location': 'Marino Center - 2nd Floor', 'count': 28, 'time': datetime.datetime(2023, 1, 11, 4, 25, 22, 165443)}","{'location': 'Marino Center - Gymnasium', 'count': 32, 'time': datetime.datetime(2023, 1, 11, 4, 25, 22, 165443)}","{'location': 'Marino Center - Gymnasium', 'count': 32, 'time': datetime.datetime(2023, 1, 11, 4, 25, 22, 165443)}","{'location': 'Marino Center - 3rd Floor Weight Room', 'count': 40, 'time': datetime.datetime(2023, 1, 11, 4, 25, 22, 165443)}","{'location': 'Marino Center - 3rd Floor Weight Room', 'count': 40, 'time': datetime.datetime(2023, 1, 11, 4, 25, 22, 165443)}","{'location': 'Marino Center - 3rd Floor Select & Cardio', 'count': 30, 'time': datetime.datetime(2023, 1, 11, 4, 25, 22, 166450)}","{'location': 'Marino Center - 3rd Floor Select & Cardio', 'count': 30, 'time': datetime.datetime(2023, 1, 11, 4, 25, 22, 166450)}","{'location': 'Marino Center - Track', 'count': 3, 'time': datetime.datetime(2023, 1, 11, 4, 25, 22, 166450)}","{'location': 'Marino Center - Track', 'count': 3, 'time': datetime.datetime(2023, 1, 11, 4, 25, 22, 166450)}","{'location': 'SquashBusters - 4th Floor', 'count': 16, 'time': datetime.datetime(2023, 1, 11, 4, 25, 22, 166450)}","{'location': 'SquashBusters - 4th Floor', 'count': 16, 'time': datetime.datetime(2023, 1, 11, 4, 25, 22, 166450)}"
"{'location': 'Marino Center - 2nd Floor', 'count': 28, 'time': datetime.datetime(2023, 1, 11, 4, 35, 23, 599534)}","{'location': 'Marino Center - 2nd Floor', 'count': 28, 'time': datetime.datetime(2023, 1, 11, 4, 35, 23, 599534)}","{'location': 'Marino Center - Gymnasium', 'count': 32, 'time': datetime.datetime(2023, 1, 11, 4, 35, 23, 599534)}","{'location': 'Marino Center - Gymnasium', 'count': 32, 'time': datetime.datetime(2023, 1, 11, 4, 35, 23, 600579)}","{'location': 'Marino Center - 3rd Floor Weight Room', 'count': 40, 'time': datetime.datetime(2023, 1, 11, 4, 35, 23, 600579)}","{'location': 'Marino Center - 3rd Floor Weight Room', 'count': 40, 'time': datetime.datetime(2023, 1, 11, 4, 35, 23, 600579)}","{'location': 'Marino Center - 3rd Floor Select & Cardio', 'count': 30, 'time': datetime.datetime(2023, 1, 11, 4, 35, 23, 601548)}","{'location': 'Marino Center - 3rd Floor Select & Cardio', 'count': 30, 'time': datetime.datetime(2023, 1, 11, 4, 35, 23, 601548)}","{'location': 'Marino Center - Track', 'count': 3, 'time': datetime.datetime(2023, 1, 11, 4, 35, 23, 601548)}","{'location': 'Marino Center - Track', 'count': 3, 'time': datetime.datetime(2023, 1, 11, 4, 35, 23, 601548)}","{'location': 'SquashBusters - 4th Floor', 'count': 16, 'time': datetime.datetime(2023, 1, 11, 4, 35, 23, 602554)}","{'location': 'SquashBusters - 4th Floor', 'count': 16, 'time': datetime.datetime(2023, 1, 11, 4, 35, 23, 602554)}"
"{'location': 'Marino Center - 2nd Floor', 'count': 28, 'time': datetime.datetime(2023, 1, 11, 4, 45, 24, 538278)}","{'location': 'Marino Center - 2nd Floor', 'count': 28, 'time': datetime.datetime(2023, 1, 11, 4, 45, 24, 538278)}","{'location': 'Marino Center - Gymnasium', 'count': 32, 'time': datetime.datetime(2023, 1, 11, 4, 45, 24, 539312)}","{'location': 'Marino Center - Gymnasium', 'count': 32, 'time': datetime.datetime(2023, 1, 11, 4, 45, 24, 539312)}","{'location': 'Marino Center - 3rd Floor Weight Room', 'count': 40, 'time': datetime.datetime(2023, 1, 11, 4, 45, 24, 539312)}","{'location': 'Marino Center - 3rd Floor Weight Room', 'count': 40, 'time': datetime.datetime(2023, 1, 11, 4, 45, 24, 539312)}","{'location': 'Marino Center - 3rd Floor Select & Cardio', 'count': 30, 'time': datetime.datetime(2023, 1, 11, 4, 45, 24, 539312)}","{'location': 'Marino Center - 3rd Floor Select & Cardio', 'count': 30, 'time': datetime.datetime(2023, 1, 11, 4, 45, 24, 539312)}","{'location': 'Marino Center - Track', 'count': 3, 'time': datetime.datetime(2023, 1, 11, 4, 45, 24, 540423)}","{'location': 'Marino Center - Track', 'count': 3, 'time': datetime.datetime(2023, 1, 11, 4, 45, 24, 540423)}","{'location': 'SquashBusters - 4th Floor', 'count': 12, 'time': datetime.datetime(2023, 1, 11, 4, 45, 24, 540423)}","{'location': 'SquashBusters - 4th Floor', 'count': 12, 'time': datetime.datetime(2023, 1, 11, 4, 45, 24, 540423)}"
"{'location': 'Marino Center - 2nd Floor', 'count': 28, 'time': datetime.datetime(2023, 1, 11, 4, 55, 25, 492367)}","{'location': 'Marino Center - 2nd Floor', 'count': 28, 'time': datetime.datetime(2023, 1, 11, 4, 55, 25, 492367)}","{'location': 'Marino Center - Gymnasium', 'count': 32, 'time': datetime.datetime(2023, 1, 11, 4, 55, 25, 492367)}","{'location': 'Marino Center - Gymnasium', 'count': 32, 'time': datetime.datetime(2023, 1, 11, 4, 55, 25, 492367)}","{'location': 'Marino Center - 3rd Floor Weight Room', 'count': 40, 'time': datetime.datetime(2023, 1, 11, 4, 55, 25, 492367)}","{'location': 'Marino Center - 3rd Floor Weight Room', 'count': 40, 'time': datetime.datetime(2023, 1, 11, 4, 55, 25, 492367)}","{'location': 'Marino Center - 3rd Floor Select & Cardio', 'count': 30, 'time': datetime.datetime(2023, 1, 11, 4, 55, 25, 493431)}","{'location': 'Marino Center - 3rd Floor Select & Cardio', 'count': 30, 'time': datetime.datetime(2023, 1, 11, 4, 55, 25, 493431)}","{'location': 'Marino Center - Track', 'count': 3, 'time': datetime.datetime(2023, 1, 11, 4, 55, 25, 493431)}","{'location': 'Marino Center - Track', 'count': 3, 'time': datetime.datetime(2023, 1, 11, 4, 55, 25, 493431)}","{'location': 'SquashBusters - 4th Floor', 'count': 12, 'time': datetime.datetime(2023, 1, 11, 4, 55, 25, 493431)}","{'location': 'SquashBusters - 4th Floor', 'count': 12, 'time': datetime.datetime(2023, 1, 11, 4, 55, 25, 494387)}"
"{'location': 'Marino Center - 2nd Floor', 'count': 28, 'time': datetime.datetime(2023, 1, 11, 5, 5, 26, 661392)}","{'location': 'Marino Center - 2nd Floor', 'count': 28, 'time': datetime.datetime(2023, 1, 11, 5, 5, 26, 661392)}","{'location': 'Marino Center - Gymnasium', 'count': 32, 'time': datetime.datetime(2023, 1, 11, 5, 5, 26, 662346)}","{'location': 'Marino Center - Gymnasium', 'count': 32, 'time': datetime.datetime(2023, 1, 11, 5, 5, 26, 662346)}","{'location': 'Marino Center - 3rd Floor Weight Room', 'count': 40, 'time': datetime.datetime(2023, 1, 11, 5, 5, 26, 662346)}","{'location': 'Marino Center - 3rd Floor Weight Room', 'count': 40, 'time': datetime.datetime(2023, 1, 11, 5, 5, 26, 662346)}","{'location': 'Marino Center - 3rd Floor Select & Cardio', 'count': 30, 'time': datetime.datetime(2023, 1, 11, 5, 5, 26, 662346)}","{'location': 'Marino Center - 3rd Floor Select & Cardio', 'count': 30, 'time': datetime.datetime(2023, 1, 11, 5, 5, 26, 663321)}","{'location': 'Marino Center - Track', 'count': 3, 'time': datetime.datetime(2023, 1, 11, 5, 5, 26, 663321)}","{'location': 'Marino Center - Track', 'count': 3, 'time': datetime.datetime(2023, 1, 11, 5, 5, 26, 663321)}","{'location': 'SquashBusters - 4th Floor', 'count': 12, 'time': datetime.datetime(2023, 1, 11, 5, 5, 26, 663321)}","{'location': 'SquashBusters - 4th Floor', 'count': 12, 'time': datetime.datetime(2023, 1, 11, 5, 5, 26, 663321)}"
"{'location': 'Marino Center - 2nd Floor', 'count': 28, 'time': datetime.datetime(2023, 1, 11, 5, 15, 28, 344282)}","{'location': 'Marino Center - 2nd Floor', 'count': 28, 'time': datetime.datetime(2023, 1, 11, 5, 15, 28, 344282)}","{'location': 'Marino Center - Gymnasium', 'count': 32, 'time': datetime.datetime(2023, 1, 11, 5, 15, 28, 344282)}","{'location': 'Marino Center - Gymnasium', 'count': 32, 'time': datetime.datetime(2023, 1, 11, 5, 15, 28, 344282)}","{'location': 'Marino Center - 3rd Floor Weight Room', 'count': 40, 'time': datetime.datetime(2023, 1, 11, 5, 15, 28, 345265)}","{'location': 'Marino Center - 3rd Floor Weight Room', 'count': 40, 'time': datetime.datetime(2023, 1, 11, 5, 15, 28, 345265)}","{'location': 'Marino Center - 3rd Floor Select & Cardio', 'count': 30, 'time': datetime.datetime(2023, 1, 11, 5, 15, 28, 345265)}","{'location': 'Marino Center - 3rd Floor Select & Cardio', 'count': 30, 'time': datetime.datetime(2023, 1, 11, 5, 15, 28, 345265)}","{'location': 'Marino Center - Track', 'count': 3, 'time': datetime.datetime(2023, 1, 11, 5, 15, 28, 345265)}","{'location': 'Marino Center - Track', 'count': 3, 'time': datetime.datetime(2023, 1, 11, 5, 15, 28, 345265)}","{'location': 'SquashBusters - 4th Floor', 'count': 12, 'time': datetime.datetime(2023, 1, 11, 5, 15, 28, 345265)}","{'location': 'SquashBusters - 4th Floor', 'count': 12, 'time': datetime.datetime(2023, 1, 11, 5, 15, 28, 345265)}"
"{'location': 'Marino Center - 2nd Floor', 'count': 28, 'time': datetime.datetime(2023, 1, 11, 5, 25, 29, 314987)}","{'location': 'Marino Center - 2nd Floor', 'count': 28, 'time': datetime.datetime(2023, 1, 11, 5, 25, 29, 314987)}","{'location': 'Marino Center - Gymnasium', 'count': 32, 'time': datetime.datetime(2023, 1, 11, 5, 25, 29, 314987)}","{'location': 'Marino Center - Gymnasium', 'count': 32, 'time': datetime.datetime(2023, 1, 11, 5, 25, 29, 314987)}","{'location': 'Marino Center - 3rd Floor Weight Room', 'count': 40, 'time': datetime.datetime(2023, 1, 11, 5, 25, 29, 314987)}","{'location': 'Marino Center - 3rd Floor Weight Room', 'count': 40, 'time': datetime.datetime(2023, 1, 11, 5, 25, 29, 314987)}","{'location': 'Marino Center - 3rd Floor Select & Cardio', 'count': 30, 'time': datetime.datetime(2023, 1, 11, 5, 25, 29, 314987)}","{'location': 'Marino Center - 3rd Floor Select & Cardio', 'count': 30, 'time': datetime.datetime(2023, 1, 11, 5, 25, 29, 314987)}","{'location': 'Marino Center - Track', 'count': 3, 'time': datetime.datetime(2023, 1, 11, 5, 25, 29, 314987)}","{'location': 'Marino Center - Track', 'count': 3, 'time': datetime.datetime(2023, 1, 11, 5, 25, 29, 314987)}","{'location': 'SquashBusters - 4th Floor', 'count': 12, 'time': datetime.datetime(2023, 1, 11, 5, 25, 29, 314987)}","{'location': 'SquashBusters - 4th Floor', 'count': 12, 'time': datetime.datetime(2023, 1, 11, 5, 25, 29, 314987)}"
"{'location': 'Marino Center - 2nd Floor', 'count': 28, 'time': datetime.datetime(2023, 1, 11, 5, 35, 30, 294882)}","{'location': 'Marino Center - 2nd Floor', 'count': 28, 'time': datetime.datetime(2023, 1, 11, 5, 35, 30, 294882)}","{'location': 'Marino Center - Gymnasium', 'count': 32, 'time': datetime.datetime(2023, 1, 11, 5, 35, 30, 294882)}","{'location': 'Marino Center - Gymnasium', 'count': 32, 'time': datetime.datetime(2023, 1, 11, 5, 35, 30, 295856)}","{'location': 'Marino Center - 3rd Floor Weight Room', 'count': 40, 'time': datetime.datetime(2023, 1, 11, 5, 35, 30, 295856)}","{'location': 'Marino Center - 3rd Floor Weight Room', 'count': 40, 'time': datetime.datetime(2023, 1, 11, 5, 35, 30, 295856)}","{'location': 'Marino Center - 3rd Floor Select & Cardio', 'count': 30, 'time': datetime.datetime(2023, 1, 11, 5, 35, 30, 295856)}","{'location': 'Marino Center - 3rd Floor Select & Cardio', 'count': 30, 'time': datetime.datetime(2023, 1, 11, 5, 35, 30, 295856)}","{'location': 'Marino Center - Track', 'count': 3, 'time': datetime.datetime(2023, 1, 11, 5, 35, 30, 295856)}","{'location': 'Marino Center - Track', 'count': 3, 'time': datetime.datetime(2023, 1, 11, 5, 35, 30, 296829)}","{'location': 'SquashBusters - 4th Floor', 'count': 12, 'time': datetime.datetime(2023, 1, 11, 5, 35, 30, 296829)}","{'location': 'SquashBusters - 4th Floor', 'count': 12, 'time': datetime.datetime(2023, 1, 11, 5, 35, 30, 296829)}"
"{'location': 'Marino Center - 2nd Floor', 'count': 28, 'time': datetime.datetime(2023, 1, 11, 5, 45, 31, 134326)}","{'location': 'Marino Center - 2nd Floor', 'count': 28, 'time': datetime.datetime(2023, 1, 11, 5, 45, 31, 134326)}","{'location': 'Marino Center - Gymnasium', 'count': 32, 'time': datetime.datetime(2023, 1, 11, 5, 45, 31, 135294)}","{'location': 'Marino Center - Gymnasium', 'count': 32, 'time': datetime.datetime(2023, 1, 11, 5, 45, 31, 135294)}","{'location': 'Marino Center - 3rd Floor Weight Room', 'count': 40, 'time': datetime.datetime(2023, 1, 11, 5, 45, 31, 135294)}","{'location': 'Marino Center - 3rd Floor Weight Room', 'count': 40, 'time': datetime.datetime(2023, 1, 11, 5, 45, 31, 135294)}","{'location': 'Marino Center - 3rd Floor Select & Cardio', 'count': 30, 'time': datetime.datetime(2023, 1, 11, 5, 45, 31, 135294)}","{'location': 'Marino Center - 3rd Floor Select & Cardio', 'count': 30, 'time': datetime.datetime(2023, 1, 11, 5, 45, 31, 135294)}","{'location': 'Marino Center - Track', 'count': 3, 'time': datetime.datetime(2023, 1, 11, 5, 45, 31, 136268)}","{'location': 'Marino Center - Track', 'count': 3, 'time': datetime.datetime(2023, 1, 11, 5, 45, 31, 136268)}","{'location': 'SquashBusters - 4th Floor', 'count': 12, 'time': datetime.datetime(2023, 1, 11, 5, 45, 31, 136268)}","{'location': 'SquashBusters - 4th Floor', 'count': 12, 'time': datetime.datetime(2023, 1, 11, 5, 45, 31, 136268)}"
"{'location': 'Marino Center - 2nd Floor', 'count': 28, 'time': datetime.datetime(2023, 1, 11, 5, 55, 29, 958566)}","{'location': 'Marino Center - 2nd Floor', 'count': 28, 'time': datetime.datetime(2023, 1, 11, 5, 55, 29, 958566)}","{'location': 'Marino Center - Gymnasium', 'count': 32, 'time': datetime.datetime(2023, 1, 11, 5, 55, 29, 958566)}","{'location': 'Marino Center - Gymnasium', 'count': 32, 'time': datetime.datetime(2023, 1, 11, 5, 55, 29, 958566)}","{'location': 'Marino Center - 3rd Floor Weight Room', 'count': 40, 'time': datetime.datetime(2023, 1, 11, 5, 55, 29, 959528)}","{'location': 'Marino Center - 3rd Floor Weight Room', 'count': 40, 'time': datetime.datetime(2023, 1, 11, 5, 55, 29, 959528)}","{'location': 'Marino Center - 3rd Floor Select & Cardio', 'count': 30, 'time': datetime.datetime(2023, 1, 11, 5, 55, 29, 959528)}","{'location': 'Marino Center - 3rd Floor Select & Cardio', 'count': 30, 'time': datetime.datetime(2023, 1, 11, 5, 55, 29, 960506)}","{'location': 'Marino Center - Track', 'count': 3, 'time': datetime.datetime(2023, 1, 11, 5, 55, 29, 960506)}","{'location': 'Marino Center - Track', 'count': 3, 'time': datetime.datetime(2023, 1, 11, 5, 55, 29, 960506)}","{'location': 'SquashBusters - 4th Floor', 'count': 12, 'time': datetime.datetime(2023, 1, 11, 5, 55, 29, 961423)}","{'location': 'SquashBusters - 4th Floor', 'count': 12, 'time': datetime.datetime(2023, 1, 11, 5, 55, 29, 961423)}"
"{'location': 'Marino Center - 2nd Floor', 'count': 28, 'time': datetime.datetime(2023, 1, 11, 6, 5, 30, 858639)}","{'location': 'Marino Center - 2nd Floor', 'count': 28, 'time': datetime.datetime(2023, 1, 11, 6, 5, 30, 858639)}","{'location': 'Marino Center - Gymnasium', 'count': 32, 'time': datetime.datetime(2023, 1, 11, 6, 5, 30, 859135)}","{'location': 'Marino Center - Gymnasium', 'count': 32, 'time': datetime.datetime(2023, 1, 11, 6, 5, 30, 859135)}","{'location': 'Marino Center - 3rd Floor Weight Room', 'count': 40, 'time': datetime.datetime(2023, 1, 11, 6, 5, 30, 859135)}","{'location': 'Marino Center - 3rd Floor Weight Room', 'count': 40, 'time': datetime.datetime(2023, 1, 11, 6, 5, 30, 859135)}","{'location': 'Marino Center - 3rd Floor Select & Cardio', 'count': 30, 'time': datetime.datetime(2023, 1, 11, 6, 5, 30, 859135)}","{'location': 'Marino Center - 3rd Floor Select & Cardio', 'count': 30, 'time': datetime.datetime(2023, 1, 11, 6, 5, 30, 859135)}","{'location': 'Marino Center - Track', 'count': 3, 'time': datetime.datetime(2023, 1, 11, 6, 5, 30, 859135)}","{'location': 'Marino Center - Track', 'count': 3, 'time': datetime.datetime(2023, 1, 11, 6, 5, 30, 859135)}","{'location': 'SquashBusters - 4th Floor', 'count': 12, 'time': datetime.datetime(2023, 1, 11, 6, 5, 30, 859135)}","{'location': 'SquashBusters - 4th Floor', 'count': 12, 'time': datetime.datetime(2023, 1, 11, 6, 5, 30, 859135)}"
"{'location': 'Marino Center - 2nd Floor', 'count': 28, 'time': datetime.datetime(2023, 1, 11, 6, 15, 31, 721374)}","{'location': 'Marino Center - 2nd Floor', 'count': 28, 'time': datetime.datetime(2023, 1, 11, 6, 15, 31, 721374)}","{'location': 'Marino Center - Gymnasium', 'count': 32, 'time': datetime.datetime(2023, 1, 11, 6, 15, 31, 721374)}","{'location': 'Marino Center - Gymnasium', 'count': 32, 'time': datetime.datetime(2023, 1, 11, 6, 15, 31, 721374)}","{'location': 'Marino Center - 3rd Floor Weight Room', 'count': 40, 'time': datetime.datetime(2023, 1, 11, 6, 15, 31, 721374)}","{'location': 'Marino Center - 3rd Floor Weight Room', 'count': 40, 'time': datetime.datetime(2023, 1, 11, 6, 15, 31, 721374)}","{'location': 'Marino Center - 3rd Floor Select & Cardio', 'count': 30, 'time': datetime.datetime(2023, 1, 11, 6, 15, 31, 721374)}","{'location': 'Marino Center - 3rd Floor Select & Cardio', 'count': 30, 'time': datetime.datetime(2023, 1, 11, 6, 15, 31, 721374)}","{'location': 'Marino Center - Track', 'count': 3, 'time': datetime.datetime(2023, 1, 11, 6, 15, 31, 721374)}","{'location': 'Marino Center - Track', 'count': 3, 'time': datetime.datetime(2023, 1, 11, 6, 15, 31, 721374)}","{'location': 'SquashBusters - 4th Floor', 'count': 12, 'time': datetime.datetime(2023, 1, 11, 6, 15, 31, 721374)}","{'location': 'SquashBusters - 4th Floor', 'count': 12, 'time': datetime.datetime(2023, 1, 11, 6, 15, 31, 721374)}"
"{'location': 'Marino Center - 2nd Floor', 'count': 28, 'time': datetime.datetime(2023, 1, 11, 6, 25, 32, 794764)}","{'location': 'Marino Center - 2nd Floor', 'count': 28, 'time': datetime.datetime(2023, 1, 11, 6, 25, 32, 794764)}","{'location': 'Marino Center - Gymnasium', 'count': 32, 'time': datetime.datetime(2023, 1, 11, 6, 25, 32, 794764)}","{'location': 'Marino Center - Gymnasium', 'count': 32, 'time': datetime.datetime(2023, 1, 11, 6, 25, 32, 794764)}","{'location': 'Marino Center - 3rd Floor Weight Room', 'count': 40, 'time': datetime.datetime(2023, 1, 11, 6, 25, 32, 795755)}","{'location': 'Marino Center - 3rd Floor Weight Room', 'count': 40, 'time': datetime.datetime(2023, 1, 11, 6, 25, 32, 795755)}","{'location': 'Marino Center - 3rd Floor Select & Cardio', 'count': 30, 'time': datetime.datetime(2023, 1, 11, 6, 25, 32, 795755)}","{'location': 'Marino Center - 3rd Floor Select & Cardio', 'count': 30, 'time': datetime.datetime(2023, 1, 11, 6, 25, 32, 795755)}","{'location': 'Marino Center - Track', 'count': 3, 'time': datetime.datetime(2023, 1, 11, 6, 25, 32, 795755)}","{'location': 'Marino Center - Track', 'count': 3, 'time': datetime.datetime(2023, 1, 11, 6, 25, 32, 795755)}","{'location': 'SquashBusters - 4th Floor', 'count': 12, 'time': datetime.datetime(2023, 1, 11, 6, 25, 32, 796251)}","{'location': 'SquashBusters - 4th Floor', 'count': 12, 'time': datetime.datetime(2023, 1, 11, 6, 25, 32, 796251)}"
"{'location': 'Marino Center - 2nd Floor', 'count': 28, 'time': datetime.datetime(2023, 1, 11, 7, 39, 15, 487831)}","{'location': 'Marino Center - 2nd Floor', 'count': 28, 'time': datetime.datetime(2023, 1, 11, 7, 39, 15, 488811)}","{'location': 'Marino Center - Gymnasium', 'count': 32, 'time': datetime.datetime(2023, 1, 11, 7, 39, 15, 488811)}","{'location': 'Marino Center - Gymnasium', 'count': 32, 'time': datetime.datetime(2023, 1, 11, 7, 39, 15, 488811)}","{'location': 'Marino Center - 3rd Floor Weight Room', 'count': 40, 'time': datetime.datetime(2023, 1, 11, 7, 39, 15, 488811)}","{'location': 'Marino Center - 3rd Floor Weight Room', 'count': 40, 'time': datetime.datetime(2023, 1, 11, 7, 39, 15, 489731)}","{'location': 'Marino Center - 3rd Floor Select & Cardio', 'count': 30, 'time': datetime.datetime(2023, 1, 11, 7, 39, 15, 489731)}","{'location': 'Marino Center - 3rd Floor Select & Cardio', 'count': 30, 'time': datetime.datetime(2023, 1, 11, 7, 39, 15, 489731)}","{'location': 'Marino Center - Track', 'count': 3, 'time': datetime.datetime(2023, 1, 11, 7, 39, 15, 490665)}","{'location': 'Marino Center - Track', 'count': 3, 'time': datetime.datetime(2023, 1, 11, 7, 39, 15, 490665)}","{'location': 'SquashBusters - 4th Floor', 'count': 12, 'time': datetime.datetime(2023, 1, 11, 7, 39, 15, 490665)}","{'location': 'SquashBusters - 4th Floor', 'count': 12, 'time': datetime.datetime(2023, 1, 11, 7, 39, 15, 490665)}"
"{'location': 'Marino Center - 2nd Floor', 'count': 38, 'time': datetime.datetime(2023, 1, 11, 15, 22, 48, 566335)}","{'location': 'Marino Center - 2nd Floor', 'count': 38, 'time': datetime.datetime(2023, 1, 11, 15, 22, 48, 566335)}","{'location': 'Marino Center - Gymnasium', 'count': 13, 'time': datetime.datetime(2023, 1, 11, 15, 22, 48, 566335)}","{'location': 'Marino Center - Gymnasium', 'count': 13, 'time': datetime.datetime(2023, 1, 11, 15, 22, 48, 566335)}","{'location': 'Marino Center - 3rd Floor Weight Room', 'count': 51, 'time': datetime.datetime(2023, 1, 11, 15, 22, 48, 566335)}","{'location': 'Marino Center - 3rd Floor Weight Room', 'count': 51, 'time': datetime.datetime(2023, 1, 11, 15, 22, 48, 566335)}","{'location': 'Marino Center - 3rd Floor Select & Cardio', 'count': 32, 'time': datetime.datetime(2023, 1, 11, 15, 22, 48, 566335)}","{'location': 'Marino Center - 3rd Floor Select & Cardio', 'count': 32, 'time': datetime.datetime(2023, 1, 11, 15, 22, 48, 566335)}","{'location': 'Marino Center - Track', 'count': 3, 'time': datetime.datetime(2023, 1, 11, 15, 22, 48, 566335)}","{'location': 'Marino Center - Track', 'count': 3, 'time': datetime.datetime(2023, 1, 11, 15, 22, 48, 566335)}","{'location': 'SquashBusters - 4th Floor', 'count': 42, 'time': datetime.datetime(2023, 1, 11, 15, 22, 48, 566335)}","{'location': 'SquashBusters - 4th Floor', 'count': 42, 'time': datetime.datetime(2023, 1, 11, 15, 22, 48, 566335)}"
"{'location': 'Marino Center - 2nd Floor', 'count': 41, 'time': datetime.datetime(2023, 1, 11, 15, 32, 49, 779265)}","{'location': 'Marino Center - 2nd Floor', 'count': 41, 'time': datetime.datetime(2023, 1, 11, 15, 32, 49, 779265)}","{'location': 'Marino Center - Gymnasium', 'count': 15, 'time': datetime.datetime(2023, 1, 11, 15, 32, 49, 779265)}","{'location': 'Marino Center - Gymnasium', 'count': 15, 'time': datetime.datetime(2023, 1, 11, 15, 32, 49, 779265)}","{'location': 'Marino Center - 3rd Floor Weight Room', 'count': 51, 'time': datetime.datetime(2023, 1, 11, 15, 32, 49, 779265)}","{'location': 'Marino Center - 3rd Floor Weight Room', 'count': 51, 'time': datetime.datetime(2023, 1, 11, 15, 32, 49, 779265)}","{'location': 'Marino Center - 3rd Floor Select & Cardio', 'count': 32, 'time': datetime.datetime(2023, 1, 11, 15, 32, 49, 780271)}","{'location': 'Marino Center - 3rd Floor Select & Cardio', 'count': 32, 'time': datetime.datetime(2023, 1, 11, 15, 32, 49, 780271)}","{'location': 'Marino Center - Track', 'count': 3, 'time': datetime.datetime(2023, 1, 11, 15, 32, 49, 780271)}","{'location': 'Marino Center - Track', 'count': 3, 'time': datetime.datetime(2023, 1, 11, 15, 32, 49, 780271)}","{'location': 'SquashBusters - 4th Floor', 'count': 36, 'time': datetime.datetime(2023, 1, 11, 15, 32, 49, 780271)}","{'location': 'SquashBusters - 4th Floor', 'count': 36, 'time': datetime.datetime(2023, 1, 11, 15, 32, 49, 780271)}"
"{'location': 'Marino Center - 2nd Floor', 'count': 41, 'time': datetime.datetime(2023, 1, 11, 15, 42, 50, 924256)}","{'location': 'Marino Center - 2nd Floor', 'count': 41, 'time': datetime.datetime(2023, 1, 11, 15, 42, 50, 924256)}","{'location': 'Marino Center - Gymnasium', 'count': 15, 'time': datetime.datetime(2023, 1, 11, 15, 42, 50, 924256)}","{'location': 'Marino Center - Gymnasium', 'count': 15, 'time': datetime.datetime(2023, 1, 11, 15, 42, 50, 924256)}","{'location': 'Marino Center - 3rd Floor Weight Room', 'count': 51, 'time': datetime.datetime(2023, 1, 11, 15, 42, 50, 925246)}","{'location': 'Marino Center - 3rd Floor Weight Room', 'count': 51, 'time': datetime.datetime(2023, 1, 11, 15, 42, 50, 925246)}","{'location': 'Marino Center - 3rd Floor Select & Cardio', 'count': 32, 'time': datetime.datetime(2023, 1, 11, 15, 42, 50, 925246)}","{'location': 'Marino Center - 3rd Floor Select & Cardio', 'count': 32, 'time': datetime.datetime(2023, 1, 11, 15, 42, 50, 925246)}","{'location': 'Marino Center - Track', 'count': 3, 'time': datetime.datetime(2023, 1, 11, 15, 42, 50, 925246)}","{'location': 'Marino Center - Track', 'count': 3, 'time': datetime.datetime(2023, 1, 11, 15, 42, 50, 925246)}","{'location': 'SquashBusters - 4th Floor', 'count': 36, 'time': datetime.datetime(2023, 1, 11, 15, 42, 50, 925246)}","{'location': 'SquashBusters - 4th Floor', 'count': 36, 'time': datetime.datetime(2023, 1, 11, 15, 42, 50, 926260)}"
"{'location': 'Marino Center - 2nd Floor', 'count': 42, 'time': datetime.datetime(2023, 1, 11, 15, 52, 59, 346274)}","{'location': 'Marino Center - 2nd Floor', 'count': 42, 'time': datetime.datetime(2023, 1, 11, 15, 52, 59, 347245)}","{'location': 'Marino Center - Gymnasium', 'count': 8, 'time': datetime.datetime(2023, 1, 11, 15, 52, 59, 347245)}","{'location': 'Marino Center - Gymnasium', 'count': 8, 'time': datetime.datetime(2023, 1, 11, 15, 52, 59, 347245)}","{'location': 'Marino Center - 3rd Floor Weight Room', 'count': 51, 'time': datetime.datetime(2023, 1, 11, 15, 52, 59, 347245)}","{'location': 'Marino Center - 3rd Floor Weight Room', 'count': 51, 'time': datetime.datetime(2023, 1, 11, 15, 52, 59, 347245)}","{'location': 'Marino Center - 3rd Floor Select & Cardio', 'count': 32, 'time': datetime.datetime(2023, 1, 11, 15, 52, 59, 347245)}","{'location': 'Marino Center - 3rd Floor Select & Cardio', 'count': 32, 'time': datetime.datetime(2023, 1, 11, 15, 52, 59, 347245)}","{'location': 'Marino Center - Track', 'count': 3, 'time': datetime.datetime(2023, 1, 11, 15, 52, 59, 348242)}","{'location': 'Marino Center - Track', 'count': 3, 'time': datetime.datetime(2023, 1, 11, 15, 52, 59, 348242)}","{'location': 'SquashBusters - 4th Floor', 'count': 36, 'time': datetime.datetime(2023, 1, 11, 15, 52, 59, 348242)}","{'location': 'SquashBusters - 4th Floor', 'count': 36, 'time': datetime.datetime(2023, 1, 11, 15, 52, 59, 348242)}"
"{'location': 'Marino Center - 2nd Floor', 'count': 45, 'time': datetime.datetime(2023, 1, 11, 16, 4, 53, 367799)}","{'location': 'Marino Center - 2nd Floor', 'count': 45, 'time': datetime.datetime(2023, 1, 11, 16, 4, 53, 367799)}","{'location': 'Marino Center - Gymnasium', 'count': 12, 'time': datetime.datetime(2023, 1, 11, 16, 4, 53, 367799)}","{'location': 'Marino Center - Gymnasium', 'count': 12, 'time': datetime.datetime(2023, 1, 11, 16, 4, 53, 367799)}","{'location': 'Marino Center - 3rd Floor Weight Room', 'count': 53, 'time': datetime.datetime(2023, 1, 11, 16, 4, 53, 368805)}","{'location': 'Marino Center - 3rd Floor Weight Room', 'count': 53, 'time': datetime.datetime(2023, 1, 11, 16, 4, 53, 368805)}","{'location': 'Marino Center - 3rd Floor Select & Cardio', 'count': 33, 'time': datetime.datetime(2023, 1, 11, 16, 4, 53, 368805)}","{'location': 'Marino Center - 3rd Floor Select & Cardio', 'count': 33, 'time': datetime.datetime(2023, 1, 11, 16, 4, 53, 368805)}","{'location': 'Marino Center - Track', 'count': 3, 'time': datetime.datetime(2023, 1, 11, 16, 4, 53, 369823)}","{'location': 'Marino Center - Track', 'count': 3, 'time': datetime.datetime(2023, 1, 11, 16, 4, 53, 369823)}","{'location': 'SquashBusters - 4th Floor', 'count': 48, 'time': datetime.datetime(2023, 1, 11, 16, 4, 53, 369823)}","{'location': 'SquashBusters - 4th Floor', 'count': 48, 'time': datetime.datetime(2023, 1, 11, 16, 4, 53, 369823)}"
"{'location': 'Marino Center - 2nd Floor', 'count': 45, 'time': datetime.datetime(2023, 1, 11, 16, 14, 59, 737300)}","{'location': 'Marino Center - 2nd Floor', 'count': 45, 'time': datetime.datetime(2023, 1, 11, 16, 14, 59, 737300)}","{'location': 'Marino Center - Gymnasium', 'count': 12, 'time': datetime.datetime(2023, 1, 11, 16, 14, 59, 737300)}","{'location': 'Marino Center - Gymnasium', 'count': 12, 'time': datetime.datetime(2023, 1, 11, 16, 14, 59, 737300)}","{'location': 'Marino Center - 3rd Floor Weight Room', 'count': 53, 'time': datetime.datetime(2023, 1, 11, 16, 14, 59, 737300)}","{'location': 'Marino Center - 3rd Floor Weight Room', 'count': 53, 'time': datetime.datetime(2023, 1, 11, 16, 14, 59, 737300)}","{'location': 'Marino Center - 3rd Floor Select & Cardio', 'count': 33, 'time': datetime.datetime(2023, 1, 11, 16, 14, 59, 737300)}","{'location': 'Marino Center - 3rd Floor Select & Cardio', 'count': 33, 'time': datetime.datetime(2023, 1, 11, 16, 14, 59, 737300)}","{'location': 'Marino Center - Track', 'count': 3, 'time': datetime.datetime(2023, 1, 11, 16, 14, 59, 737300)}","{'location': 'Marino Center - Track', 'count': 3, 'time': datetime.datetime(2023, 1, 11, 16, 14, 59, 737300)}","{'location': 'SquashBusters - 4th Floor', 'count': 48, 'time': datetime.datetime(2023, 1, 11, 16, 14, 59, 737300)}","{'location': 'SquashBusters - 4th Floor', 'count': 48, 'time': datetime.datetime(2023, 1, 11, 16, 14, 59, 737300)}"
"{'location': 'Marino Center - 2nd Floor', 'count': 45, 'time': datetime.datetime(2023, 1, 11, 16, 25, 27, 467556)}","{'location': 'Marino Center - 2nd Floor', 'count': 45, 'time': datetime.datetime(2023, 1, 11, 16, 25, 27, 467556)}","{'location': 'Marino Center - Gymnasium', 'count': 12, 'time': datetime.datetime(2023, 1, 11, 16, 25, 27, 467556)}","{'location': 'Marino Center - Gymnasium', 'count': 12, 'time': datetime.datetime(2023, 1, 11, 16, 25, 27, 467556)}","{'location': 'Marino Center - 3rd Floor Weight Room', 'count': 53, 'time': datetime.datetime(2023, 1, 11, 16, 25, 27, 467556)}","{'location': 'Marino Center - 3rd Floor Weight Room', 'count': 53, 'time': datetime.datetime(2023, 1, 11, 16, 25, 27, 467556)}","{'location': 'Marino Center - 3rd Floor Select & Cardio', 'count': 33, 'time': datetime.datetime(2023, 1, 11, 16, 25, 27, 467556)}","{'location': 'Marino Center - 3rd Floor Select & Cardio', 'count': 33, 'time': datetime.datetime(2023, 1, 11, 16, 25, 27, 467556)}","{'location': 'Marino Center - Track', 'count': 3, 'time': datetime.datetime(2023, 1, 11, 16, 25, 27, 467556)}","{'location': 'Marino Center - Track', 'count': 3, 'time': datetime.datetime(2023, 1, 11, 16, 25, 27, 467556)}","{'location': 'SquashBusters - 4th Floor', 'count': 48, 'time': datetime.datetime(2023, 1, 11, 16, 25, 27, 467556)}","{'location': 'SquashBusters - 4th Floor', 'count': 48, 'time': datetime.datetime(2023, 1, 11, 16, 25, 27, 467556)}"
"{'location': 'Marino Center - 2nd Floor', 'count': 45, 'time': datetime.datetime(2023, 1, 11, 16, 35, 35, 11887)}","{'location': 'Marino Center - 2nd Floor', 'count': 45, 'time': datetime.datetime(2023, 1, 11, 16, 35, 35, 11887)}","{'location': 'Marino Center - Gymnasium', 'count': 14, 'time': datetime.datetime(2023, 1, 11, 16, 35, 35, 11887)}","{'location': 'Marino Center - Gymnasium', 'count': 14, 'time': datetime.datetime(2023, 1, 11, 16, 35, 35, 11887)}","{'location': 'Marino Center - 3rd Floor Weight Room', 'count': 53, 'time': datetime.datetime(2023, 1, 11, 16, 35, 35, 12894)}","{'location': 'Marino Center - 3rd Floor Weight Room', 'count': 53, 'time': datetime.datetime(2023, 1, 11, 16, 35, 35, 12894)}","{'location': 'Marino Center - 3rd Floor Select & Cardio', 'count': 33, 'time': datetime.datetime(2023, 1, 11, 16, 35, 35, 12894)}","{'location': 'Marino Center - 3rd Floor Select & Cardio', 'count': 33, 'time': datetime.datetime(2023, 1, 11, 16, 35, 35, 12894)}","{'location': 'Marino Center - Track', 'count': 3, 'time': datetime.datetime(2023, 1, 11, 16, 35, 35, 12894)}","{'location': 'Marino Center - Track', 'count': 3, 'time': datetime.datetime(2023, 1, 11, 16, 35, 35, 12894)}","{'location': 'SquashBusters - 4th Floor', 'count': 36, 'time': datetime.datetime(2023, 1, 11, 16, 35, 35, 12894)}","{'location': 'SquashBusters - 4th Floor', 'count': 36, 'time': datetime.datetime(2023, 1, 11, 16, 35, 35, 12894)}"
"{'location': 'Marino Center - 2nd Floor', 'count': 45, 'time': datetime.datetime(2023, 1, 11, 16, 45, 35, 919858)}","{'location': 'Marino Center - 2nd Floor', 'count': 45, 'time': datetime.datetime(2023, 1, 11, 16, 45, 35, 919858)}","{'location': 'Marino Center - Gymnasium', 'count': 14, 'time': datetime.datetime(2023, 1, 11, 16, 45, 35, 919858)}","{'location': 'Marino Center - Gymnasium', 'count': 14, 'time': datetime.datetime(2023, 1, 11, 16, 45, 35, 919858)}","{'location': 'Marino Center - 3rd Floor Weight Room', 'count': 53, 'time': datetime.datetime(2023, 1, 11, 16, 45, 35, 919858)}","{'location': 'Marino Center - 3rd Floor Weight Room', 'count': 53, 'time': datetime.datetime(2023, 1, 11, 16, 45, 35, 920926)}","{'location': 'Marino Center - 3rd Floor Select & Cardio', 'count': 33, 'time': datetime.datetime(2023, 1, 11, 16, 45, 35, 920926)}","{'location': 'Marino Center - 3rd Floor Select & Cardio', 'count': 33, 'time': datetime.datetime(2023, 1, 11, 16, 45, 35, 920926)}","{'location': 'Marino Center - Track', 'count': 3, 'time': datetime.datetime(2023, 1, 11, 16, 45, 35, 920926)}","{'location': 'Marino Center - Track', 'count': 3, 'time': datetime.datetime(2023, 1, 11, 16, 45, 35, 920926)}","{'location': 'SquashBusters - 4th Floor', 'count': 36, 'time': datetime.datetime(2023, 1, 11, 16, 45, 35, 920926)}","{'location': 'SquashBusters - 4th Floor', 'count': 36, 'time': datetime.datetime(2023, 1, 11, 16, 45, 35, 921974)}"
"{'location': 'Marino Center - 2nd Floor', 'count': 47, 'time': datetime.datetime(2023, 1, 11, 16, 55, 36, 881607)}","{'location': 'Marino Center - 2nd Floor', 'count': 47, 'time': datetime.datetime(2023, 1, 11, 16, 55, 36, 882202)}","{'location': 'Marino Center - Gymnasium', 'count': 16, 'time': datetime.datetime(2023, 1, 11, 16, 55, 36, 882202)}","{'location': 'Marino Center - Gymnasium', 'count': 16, 'time': datetime.datetime(2023, 1, 11, 16, 55, 36, 882202)}","{'location': 'Marino Center - 3rd Floor Weight Room', 'count': 53, 'time': datetime.datetime(2023, 1, 11, 16, 55, 36, 882202)}","{'location': 'Marino Center - 3rd Floor Weight Room', 'count': 53, 'time': datetime.datetime(2023, 1, 11, 16, 55, 36, 882202)}","{'location': 'Marino Center - 3rd Floor Select & Cardio', 'count': 65, 'time': datetime.datetime(2023, 1, 11, 16, 55, 36, 882947)}","{'location': 'Marino Center - 3rd Floor Select & Cardio', 'count': 65, 'time': datetime.datetime(2023, 1, 11, 16, 55, 36, 882947)}","{'location': 'Marino Center - Track', 'count': 7, 'time': datetime.datetime(2023, 1, 11, 16, 55, 36, 882947)}","{'location': 'Marino Center - Track', 'count': 7, 'time': datetime.datetime(2023, 1, 11, 16, 55, 36, 882947)}","{'location': 'SquashBusters - 4th Floor', 'count': 36, 'time': datetime.datetime(2023, 1, 11, 16, 55, 36, 882947)}","{'location': 'SquashBusters - 4th Floor', 'count': 36, 'time': datetime.datetime(2023, 1, 11, 16, 55, 36, 883523)}"
"{'location': 'Marino Center - 2nd Floor', 'count': 47, 'time': datetime.datetime(2023, 1, 11, 17, 9, 48, 776444)}","{'location': 'Marino Center - 2nd Floor', 'count': 47, 'time': datetime.datetime(2023, 1, 11, 17, 9, 48, 776444)}","{'location': 'Marino Center - Gymnasium', 'count': 16, 'time': datetime.datetime(2023, 1, 11, 17, 9, 48, 776444)}","{'location': 'Marino Center - Gymnasium', 'count': 16, 'time': datetime.datetime(2023, 1, 11, 17, 9, 48, 777344)}","{'location': 'Marino Center - 3rd Floor Weight Room', 'count': 71, 'time': datetime.datetime(2023, 1, 11, 17, 9, 48, 777344)}","{'location': 'Marino Center - 3rd Floor Weight Room', 'count': 71, 'time': datetime.datetime(2023, 1, 11, 17, 9, 48, 777344)}","{'location': 'Marino Center - 3rd Floor Select & Cardio', 'count': 79, 'time': datetime.datetime(2023, 1, 11, 17, 9, 48, 777344)}","{'location': 'Marino Center - 3rd Floor Select & Cardio', 'count': 79, 'time': datetime.datetime(2023, 1, 11, 17, 9, 48, 777344)}","{'location': 'Marino Center - Track', 'count': 7, 'time': datetime.datetime(2023, 1, 11, 17, 9, 48, 777344)}","{'location': 'Marino Center - Track', 'count': 7, 'time': datetime.datetime(2023, 1, 11, 17, 9, 48, 777344)}","{'location': 'SquashBusters - 4th Floor', 'count': 36, 'time': datetime.datetime(2023, 1, 11, 17, 9, 48, 777344)}","{'location': 'SquashBusters - 4th Floor', 'count': 36, 'time': datetime.datetime(2023, 1, 11, 17, 9, 48, 778346)}"
"{'location': 'Marino Center - 2nd Floor', 'count': 47, 'time': datetime.datetime(2023, 1, 11, 17, 19, 49, 781841)}","{'location': 'Marino Center - 2nd Floor', 'count': 47, 'time': datetime.datetime(2023, 1, 11, 17, 19, 49, 781841)}","{'location': 'Marino Center - Gymnasium', 'count': 16, 'time': datetime.datetime(2023, 1, 11, 17, 19, 49, 781841)}","{'location': 'Marino Center - Gymnasium', 'count': 16, 'time': datetime.datetime(2023, 1, 11, 17, 19, 49, 781841)}","{'location': 'Marino Center - 3rd Floor Weight Room', 'count': 71, 'time': datetime.datetime(2023, 1, 11, 17, 19, 49, 781841)}","{'location': 'Marino Center - 3rd Floor Weight Room', 'count': 71, 'time': datetime.datetime(2023, 1, 11, 17, 19, 49, 782837)}","{'location': 'Marino Center - 3rd Floor Select & Cardio', 'count': 79, 'time': datetime.datetime(2023, 1, 11, 17, 19, 49, 782837)}","{'location': 'Marino Center - 3rd Floor Select & Cardio', 'count': 79, 'time': datetime.datetime(2023, 1, 11, 17, 19, 49, 782837)}","{'location': 'Marino Center - Track', 'count': 7, 'time': datetime.datetime(2023, 1, 11, 17, 19, 49, 782837)}","{'location': 'Marino Center - Track', 'count': 7, 'time': datetime.datetime(2023, 1, 11, 17, 19, 49, 782837)}","{'location': 'SquashBusters - 4th Floor', 'count': 29, 'time': datetime.datetime(2023, 1, 11, 17, 19, 49, 782837)}","{'location': 'SquashBusters - 4th Floor', 'count': 29, 'time': datetime.datetime(2023, 1, 11, 17, 19, 49, 782837)}"
"{'location': 'Marino Center - 2nd Floor', 'count': 45, 'time': datetime.datetime(2023, 1, 11, 17, 29, 51, 37306)}","{'location': 'Marino Center - 2nd Floor', 'count': 45, 'time': datetime.datetime(2023, 1, 11, 17, 29, 51, 37306)}","{'location': 'Marino Center - Gymnasium', 'count': 19, 'time': datetime.datetime(2023, 1, 11, 17, 29, 51, 37306)}","{'location': 'Marino Center - Gymnasium', 'count': 19, 'time': datetime.datetime(2023, 1, 11, 17, 29, 51, 37306)}","{'location': 'Marino Center - 3rd Floor Weight Room', 'count': 71, 'time': datetime.datetime(2023, 1, 11, 17, 29, 51, 37306)}","{'location': 'Marino Center - 3rd Floor Weight Room', 'count': 71, 'time': datetime.datetime(2023, 1, 11, 17, 29, 51, 37306)}","{'location': 'Marino Center - 3rd Floor Select & Cardio', 'count': 79, 'time': datetime.datetime(2023, 1, 11, 17, 29, 51, 38288)}","{'location': 'Marino Center - 3rd Floor Select & Cardio', 'count': 79, 'time': datetime.datetime(2023, 1, 11, 17, 29, 51, 38288)}","{'location': 'Marino Center - Track', 'count': 7, 'time': datetime.datetime(2023, 1, 11, 17, 29, 51, 38288)}","{'location': 'Marino Center - Track', 'count': 7, 'time': datetime.datetime(2023, 1, 11, 17, 29, 51, 38288)}","{'location': 'SquashBusters - 4th Floor', 'count': 29, 'time': datetime.datetime(2023, 1, 11, 17, 29, 51, 38288)}","{'location': 'SquashBusters - 4th Floor', 'count': 29, 'time': datetime.datetime(2023, 1, 11, 17, 29, 51, 38288)}"
"{'location': 'Marino Center - 2nd Floor', 'count': 45, 'time': datetime.datetime(2023, 1, 11, 17, 39, 52, 233113)}","{'location': 'Marino Center - 2nd Floor', 'count': 45, 'time': datetime.datetime(2023, 1, 11, 17, 39, 52, 233113)}","{'location': 'Marino Center - Gymnasium', 'count': 19, 'time': datetime.datetime(2023, 1, 11, 17, 39, 52, 233113)}","{'location': 'Marino Center - Gymnasium', 'count': 19, 'time': datetime.datetime(2023, 1, 11, 17, 39, 52, 234093)}","{'location': 'Marino Center - 3rd Floor Weight Room', 'count': 71, 'time': datetime.datetime(2023, 1, 11, 17, 39, 52, 234093)}","{'location': 'Marino Center - 3rd Floor Weight Room', 'count': 71, 'time': datetime.datetime(2023, 1, 11, 17, 39, 52, 234093)}","{'location': 'Marino Center - 3rd Floor Select & Cardio', 'count': 79, 'time': datetime.datetime(2023, 1, 11, 17, 39, 52, 234093)}","{'location': 'Marino Center - 3rd Floor Select & Cardio', 'count': 79, 'time': datetime.datetime(2023, 1, 11, 17, 39, 52, 234093)}","{'location': 'Marino Center - Track', 'count': 7, 'time': datetime.datetime(2023, 1, 11, 17, 39, 52, 235133)}","{'location': 'Marino Center - Track', 'count': 7, 'time': datetime.datetime(2023, 1, 11, 17, 39, 52, 235133)}","{'location': 'SquashBusters - 4th Floor', 'count': 30, 'time': datetime.datetime(2023, 1, 11, 17, 39, 52, 235133)}","{'location': 'SquashBusters - 4th Floor', 'count': 30, 'time': datetime.datetime(2023, 1, 11, 17, 39, 52, 235133)}"
"{'location': 'Marino Center - 2nd Floor', 'count': 43, 'time': datetime.datetime(2023, 1, 11, 18, 8, 34, 970967)}","{'location': 'Marino Center - 2nd Floor', 'count': 43, 'time': datetime.datetime(2023, 1, 11, 18, 8, 34, 970967)}","{'location': 'Marino Center - Gymnasium', 'count': 15, 'time': datetime.datetime(2023, 1, 11, 18, 8, 34, 971983)}","{'location': 'Marino Center - Gymnasium', 'count': 15, 'time': datetime.datetime(2023, 1, 11, 18, 8, 34, 971983)}","{'location': 'Marino Center - 3rd Floor Weight Room', 'count': 55, 'time': datetime.datetime(2023, 1, 11, 18, 8, 34, 971983)}","{'location': 'Marino Center - 3rd Floor Weight Room', 'count': 55, 'time': datetime.datetime(2023, 1, 11, 18, 8, 34, 971983)}","{'location': 'Marino Center - 3rd Floor Select & Cardio', 'count': 51, 'time': datetime.datetime(2023, 1, 11, 18, 8, 34, 971983)}","{'location': 'Marino Center - 3rd Floor Select & Cardio', 'count': 51, 'time': datetime.datetime(2023, 1, 11, 18, 8, 34, 971983)}","{'location': 'Marino Center - Track', 'count': 6, 'time': datetime.datetime(2023, 1, 11, 18, 8, 34, 971983)}","{'location': 'Marino Center - Track', 'count': 6, 'time': datetime.datetime(2023, 1, 11, 18, 8, 34, 971983)}","{'location': 'SquashBusters - 4th Floor', 'count': 21, 'time': datetime.datetime(2023, 1, 11, 18, 8, 34, 972972)}","{'location': 'SquashBusters - 4th Floor', 'count': 21, 'time': datetime.datetime(2023, 1, 11, 18, 8, 34, 972972)}"
"{'location': 'Marino Center - 2nd Floor', 'count': 43, 'time': datetime.datetime(2023, 1, 11, 18, 18, 43, 858747)}","{'location': 'Marino Center - 2nd Floor', 'count': 43, 'time': datetime.datetime(2023, 1, 11, 18, 18, 43, 858747)}","{'location': 'Marino Center - Gymnasium', 'count': 15, 'time': datetime.datetime(2023, 1, 11, 18, 18, 43, 858747)}","{'location': 'Marino Center - Gymnasium', 'count': 15, 'time': datetime.datetime(2023, 1, 11, 18, 18, 43, 858747)}","{'location': 'Marino Center - 3rd Floor Weight Room', 'count': 35, 'time': datetime.datetime(2023, 1, 11, 18, 18, 43, 858747)}","{'location': 'Marino Center - 3rd Floor Weight Room', 'count': 35, 'time': datetime.datetime(2023, 1, 11, 18, 18, 43, 859726)}","{'location': 'Marino Center - 3rd Floor Select & Cardio', 'count': 44, 'time': datetime.datetime(2023, 1, 11, 18, 18, 43, 859726)}","{'location': 'Marino Center - 3rd Floor Select & Cardio', 'count': 44, 'time': datetime.datetime(2023, 1, 11, 18, 18, 43, 859726)}","{'location': 'Marino Center - Track', 'count': 5, 'time': datetime.datetime(2023, 1, 11, 18, 18, 43, 859726)}","{'location': 'Marino Center - Track', 'count': 5, 'time': datetime.datetime(2023, 1, 11, 18, 18, 43, 859726)}","{'location': 'SquashBusters - 4th Floor', 'count': 18, 'time': datetime.datetime(2023, 1, 11, 18, 18, 43, 859726)}","{'location': 'SquashBusters - 4th Floor', 'count': 18, 'time': datetime.datetime(2023, 1, 11, 18, 18, 43, 859726)}"
"{'location': 'Marino Center - 2nd Floor', 'count': 38, 'time': datetime.datetime(2023, 1, 11, 18, 28, 44, 878590)}","{'location': 'Marino Center - 2nd Floor', 'count': 38, 'time': datetime.datetime(2023, 1, 11, 18, 28, 44, 878590)}","{'location': 'Marino Center - Gymnasium', 'count': 13, 'time': datetime.datetime(2023, 1, 11, 18, 28, 44, 878590)}","{'location': 'Marino Center - Gymnasium', 'count': 13, 'time': datetime.datetime(2023, 1, 11, 18, 28, 44, 878590)}","{'location': 'Marino Center - 3rd Floor Weight Room', 'count': 35, 'time': datetime.datetime(2023, 1, 11, 18, 28, 44, 878590)}","{'location': 'Marino Center - 3rd Floor Weight Room', 'count': 35, 'time': datetime.datetime(2023, 1, 11, 18, 28, 44, 878590)}","{'location': 'Marino Center - 3rd Floor Select & Cardio', 'count': 44, 'time': datetime.datetime(2023, 1, 11, 18, 28, 44, 878590)}","{'location': 'Marino Center - 3rd Floor Select & Cardio', 'count': 44, 'time': datetime.datetime(2023, 1, 11, 18, 28, 44, 878590)}","{'location': 'Marino Center - Track', 'count': 5, 'time': datetime.datetime(2023, 1, 11, 18, 28, 44, 879628)}","{'location': 'Marino Center - Track', 'count': 5, 'time': datetime.datetime(2023, 1, 11, 18, 28, 44, 879628)}","{'location': 'SquashBusters - 4th Floor', 'count': 18, 'time': datetime.datetime(2023, 1, 11, 18, 28, 44, 879628)}","{'location': 'SquashBusters - 4th Floor', 'count': 18, 'time': datetime.datetime(2023, 1, 11, 18, 28, 44, 879628)}"
"{'location': 'Marino Center - 2nd Floor', 'count': 38, 'time': datetime.datetime(2023, 1, 11, 18, 38, 52, 294504)}","{'location': 'Marino Center - 2nd Floor', 'count': 38, 'time': datetime.datetime(2023, 1, 11, 18, 38, 52, 294504)}","{'location': 'Marino Center - Gymnasium', 'count': 13, 'time': datetime.datetime(2023, 1, 11, 18, 38, 52, 295500)}","{'location': 'Marino Center - Gymnasium', 'count': 13, 'time': datetime.datetime(2023, 1, 11, 18, 38, 52, 295500)}","{'location': 'Marino Center - 3rd Floor Weight Room', 'count': 35, 'time': datetime.datetime(2023, 1, 11, 18, 38, 52, 295500)}","{'location': 'Marino Center - 3rd Floor Weight Room', 'count': 35, 'time': datetime.datetime(2023, 1, 11, 18, 38, 52, 295500)}","{'location': 'Marino Center - 3rd Floor Select & Cardio', 'count': 44, 'time': datetime.datetime(2023, 1, 11, 18, 38, 52, 295500)}","{'location': 'Marino Center - 3rd Floor Select & Cardio', 'count': 44, 'time': datetime.datetime(2023, 1, 11, 18, 38, 52, 295500)}","{'location': 'Marino Center - Track', 'count': 5, 'time': datetime.datetime(2023, 1, 11, 18, 38, 52, 295500)}","{'location': 'Marino Center - Track', 'count': 5, 'time': datetime.datetime(2023, 1, 11, 18, 38, 52, 295500)}","{'location': 'SquashBusters - 4th Floor', 'count': 24, 'time': datetime.datetime(2023, 1, 11, 18, 38, 52, 296497)}","{'location': 'SquashBusters - 4th Floor', 'count': 24, 'time': datetime.datetime(2023, 1, 11, 18, 38, 52, 296497)}"
"{'location': 'Marino Center - 2nd Floor', 'count': 38, 'time': datetime.datetime(2023, 1, 11, 18, 48, 59, 779943)}","{'location': 'Marino Center - 2nd Floor', 'count': 38, 'time': datetime.datetime(2023, 1, 11, 18, 48, 59, 779943)}","{'location': 'Marino Center - Gymnasium', 'count': 13, 'time': datetime.datetime(2023, 1, 11, 18, 48, 59, 779943)}","{'location': 'Marino Center - Gymnasium', 'count': 13, 'time': datetime.datetime(2023, 1, 11, 18, 48, 59, 779943)}","{'location': 'Marino Center - 3rd Floor Weight Room', 'count': 35, 'time': datetime.datetime(2023, 1, 11, 18, 48, 59, 780938)}","{'location': 'Marino Center - 3rd Floor Weight Room', 'count': 35, 'time': datetime.datetime(2023, 1, 11, 18, 48, 59, 780938)}","{'location': 'Marino Center - 3rd Floor Select & Cardio', 'count': 44, 'time': datetime.datetime(2023, 1, 11, 18, 48, 59, 780938)}","{'location': 'Marino Center - 3rd Floor Select & Cardio', 'count': 44, 'time': datetime.datetime(2023, 1, 11, 18, 48, 59, 780938)}","{'location': 'Marino Center - Track', 'count': 5, 'time': datetime.datetime(2023, 1, 11, 18, 48, 59, 780938)}","{'location': 'Marino Center - Track', 'count': 5, 'time': datetime.datetime(2023, 1, 11, 18, 48, 59, 780938)}","{'location': 'SquashBusters - 4th Floor', 'count': 27, 'time': datetime.datetime(2023, 1, 11, 18, 48, 59, 780938)}","{'location': 'SquashBusters - 4th Floor', 'count': 27, 'time': datetime.datetime(2023, 1, 11, 18, 48, 59, 780938)}"
"{'location': 'Marino Center - 2nd Floor', 'count': 54, 'time': datetime.datetime(2023, 1, 11, 19, 6, 21, 956084)}","{'location': 'Marino Center - 2nd Floor', 'count': 54, 'time': datetime.datetime(2023, 1, 11, 19, 6, 21, 956084)}","{'location': 'Marino Center - Gymnasium', 'count': 23, 'time': datetime.datetime(2023, 1, 11, 19, 6, 21, 957135)}","{'location': 'Marino Center - Gymnasium', 'count': 23, 'time': datetime.datetime(2023, 1, 11, 19, 6, 21, 957135)}","{'location': 'Marino Center - 3rd Floor Weight Room', 'count': 42, 'time': datetime.datetime(2023, 1, 11, 19, 6, 21, 957135)}","{'location': 'Marino Center - 3rd Floor Weight Room', 'count': 42, 'time': datetime.datetime(2023, 1, 11, 19, 6, 21, 957135)}","{'location': 'Marino Center - 3rd Floor Select & Cardio', 'count': 43, 'time': datetime.datetime(2023, 1, 11, 19, 6, 21, 958156)}","{'location': 'Marino Center - 3rd Floor Select & Cardio', 'count': 43, 'time': datetime.datetime(2023, 1, 11, 19, 6, 21, 958156)}","{'location': 'Marino Center - Track', 'count': 5, 'time': datetime.datetime(2023, 1, 11, 19, 6, 21, 958156)}","{'location': 'Marino Center - Track', 'count': 5, 'time': datetime.datetime(2023, 1, 11, 19, 6, 21, 958156)}","{'location': 'SquashBusters - 4th Floor', 'count': 27, 'time': datetime.datetime(2023, 1, 11, 19, 6, 21, 959153)}","{'location': 'SquashBusters - 4th Floor', 'count': 27, 'time': datetime.datetime(2023, 1, 11, 19, 6, 21, 959153)}"
"{'location': 'Marino Center - 2nd Floor', 'count': 54, 'time': datetime.datetime(2023, 1, 11, 19, 16, 23, 168236)}","{'location': 'Marino Center - 2nd Floor', 'count': 54, 'time': datetime.datetime(2023, 1, 11, 19, 16, 23, 168236)}","{'location': 'Marino Center - Gymnasium', 'count': 23, 'time': datetime.datetime(2023, 1, 11, 19, 16, 23, 168236)}","{'location': 'Marino Center - Gymnasium', 'count': 23, 'time': datetime.datetime(2023, 1, 11, 19, 16, 23, 168236)}","{'location': 'Marino Center - 3rd Floor Weight Room', 'count': 42, 'time': datetime.datetime(2023, 1, 11, 19, 16, 23, 168236)}","{'location': 'Marino Center - 3rd Floor Weight Room', 'count': 42, 'time': datetime.datetime(2023, 1, 11, 19, 16, 23, 168236)}","{'location': 'Marino Center - 3rd Floor Select & Cardio', 'count': 43, 'time': datetime.datetime(2023, 1, 11, 19, 16, 23, 168236)}","{'location': 'Marino Center - 3rd Floor Select & Cardio', 'count': 43, 'time': datetime.datetime(2023, 1, 11, 19, 16, 23, 168236)}","{'location': 'Marino Center - Track', 'count': 5, 'time': datetime.datetime(2023, 1, 11, 19, 16, 23, 169244)}","{'location': 'Marino Center - Track', 'count': 5, 'time': datetime.datetime(2023, 1, 11, 19, 16, 23, 169244)}","{'location': 'SquashBusters - 4th Floor', 'count': 27, 'time': datetime.datetime(2023, 1, 11, 19, 16, 23, 169244)}","{'location': 'SquashBusters - 4th Floor', 'count': 27, 'time': datetime.datetime(2023, 1, 11, 19, 16, 23, 169244)}"
"{'location': 'Marino Center - 2nd Floor', 'count': 54, 'time': datetime.datetime(2023, 1, 11, 19, 26, 24, 172091)}","{'location': 'Marino Center - 2nd Floor', 'count': 54, 'time': datetime.datetime(2023, 1, 11, 19, 26, 24, 172091)}","{'location': 'Marino Center - Gymnasium', 'count': 23, 'time': datetime.datetime(2023, 1, 11, 19, 26, 24, 172091)}","{'location': 'Marino Center - Gymnasium', 'count': 23, 'time': datetime.datetime(2023, 1, 11, 19, 26, 24, 172091)}","{'location': 'Marino Center - 3rd Floor Weight Room', 'count': 42, 'time': datetime.datetime(2023, 1, 11, 19, 26, 24, 172091)}","{'location': 'Marino Center - 3rd Floor Weight Room', 'count': 42, 'time': datetime.datetime(2023, 1, 11, 19, 26, 24, 172091)}","{'location': 'Marino Center - 3rd Floor Select & Cardio', 'count': 43, 'time': datetime.datetime(2023, 1, 11, 19, 26, 24, 173120)}","{'location': 'Marino Center - 3rd Floor Select & Cardio', 'count': 43, 'time': datetime.datetime(2023, 1, 11, 19, 26, 24, 173120)}","{'location': 'Marino Center - Track', 'count': 5, 'time': datetime.datetime(2023, 1, 11, 19, 26, 24, 173120)}","{'location': 'Marino Center - Track', 'count': 5, 'time': datetime.datetime(2023, 1, 11, 19, 26, 24, 173120)}","{'location': 'SquashBusters - 4th Floor', 'count': 29, 'time': datetime.datetime(2023, 1, 11, 19, 26, 24, 173120)}","{'location': 'SquashBusters - 4th Floor', 'count': 29, 'time': datetime.datetime(2023, 1, 11, 19, 26, 24, 173120)}"
"{'location': 'Marino Center - 2nd Floor', 'count': 54, 'time': datetime.datetime(2023, 1, 11, 19, 36, 25, 386374)}","{'location': 'Marino Center - 2nd Floor', 'count': 54, 'time': datetime.datetime(2023, 1, 11, 19, 36, 25, 386374)}","{'location': 'Marino Center - Gymnasium', 'count': 23, 'time': datetime.datetime(2023, 1, 11, 19, 36, 25, 386374)}","{'location': 'Marino Center - Gymnasium', 'count': 23, 'time': datetime.datetime(2023, 1, 11, 19, 36, 25, 386374)}","{'location': 'Marino Center - 3rd Floor Weight Room', 'count': 34, 'time': datetime.datetime(2023, 1, 11, 19, 36, 25, 386374)}","{'location': 'Marino Center - 3rd Floor Weight Room', 'count': 34, 'time': datetime.datetime(2023, 1, 11, 19, 36, 25, 386374)}","{'location': 'Marino Center - 3rd Floor Select & Cardio', 'count': 42, 'time': datetime.datetime(2023, 1, 11, 19, 36, 25, 387371)}","{'location': 'Marino Center - 3rd Floor Select & Cardio', 'count': 42, 'time': datetime.datetime(2023, 1, 11, 19, 36, 25, 387371)}","{'location': 'Marino Center - Track', 'count': 3, 'time': datetime.datetime(2023, 1, 11, 19, 36, 25, 387371)}","{'location': 'Marino Center - Track', 'count': 3, 'time': datetime.datetime(2023, 1, 11, 19, 36, 25, 387371)}","{'location': 'SquashBusters - 4th Floor', 'count': 30, 'time': datetime.datetime(2023, 1, 11, 19, 36, 25, 387371)}","{'location': 'SquashBusters - 4th Floor', 'count': 30, 'time': datetime.datetime(2023, 1, 11, 19, 36, 25, 387371)}"
"{'location': 'Marino Center - 2nd Floor', 'count': 38, 'time': datetime.datetime(2023, 1, 11, 19, 46, 26, 397201)}","{'location': 'Marino Center - 2nd Floor', 'count': 38, 'time': datetime.datetime(2023, 1, 11, 19, 46, 26, 397201)}","{'location': 'Marino Center - Gymnasium', 'count': 35, 'time': datetime.datetime(2023, 1, 11, 19, 46, 26, 397201)}","{'location': 'Marino Center - Gymnasium', 'count': 35, 'time': datetime.datetime(2023, 1, 11, 19, 46, 26, 397201)}","{'location': 'Marino Center - 3rd Floor Weight Room', 'count': 34, 'time': datetime.datetime(2023, 1, 11, 19, 46, 26, 397201)}","{'location': 'Marino Center - 3rd Floor Weight Room', 'count': 34, 'time': datetime.datetime(2023, 1, 11, 19, 46, 26, 397201)}","{'location': 'Marino Center - 3rd Floor Select & Cardio', 'count': 42, 'time': datetime.datetime(2023, 1, 11, 19, 46, 26, 397201)}","{'location': 'Marino Center - 3rd Floor Select & Cardio', 'count': 42, 'time': datetime.datetime(2023, 1, 11, 19, 46, 26, 397201)}","{'location': 'Marino Center - Track', 'count': 3, 'time': datetime.datetime(2023, 1, 11, 19, 46, 26, 398187)}","{'location': 'Marino Center - Track', 'count': 3, 'time': datetime.datetime(2023, 1, 11, 19, 46, 26, 398187)}","{'location': 'SquashBusters - 4th Floor', 'count': 30, 'time': datetime.datetime(2023, 1, 11, 19, 46, 26, 398187)}","{'location': 'SquashBusters - 4th Floor', 'count': 30, 'time': datetime.datetime(2023, 1, 11, 19, 46, 26, 398187)}"
"{'location': 'Marino Center - 2nd Floor', 'count': 38, 'time': datetime.datetime(2023, 1, 11, 19, 56, 27, 486359)}","{'location': 'Marino Center - 2nd Floor', 'count': 38, 'time': datetime.datetime(2023, 1, 11, 19, 56, 27, 486359)}","{'location': 'Marino Center - Gymnasium', 'count': 35, 'time': datetime.datetime(2023, 1, 11, 19, 56, 27, 486359)}","{'location': 'Marino Center - Gymnasium', 'count': 35, 'time': datetime.datetime(2023, 1, 11, 19, 56, 27, 486359)}","{'location': 'Marino Center - 3rd Floor Weight Room', 'count': 34, 'time': datetime.datetime(2023, 1, 11, 19, 56, 27, 486359)}","{'location': 'Marino Center - 3rd Floor Weight Room', 'count': 34, 'time': datetime.datetime(2023, 1, 11, 19, 56, 27, 486359)}","{'location': 'Marino Center - 3rd Floor Select & Cardio', 'count': 42, 'time': datetime.datetime(2023, 1, 11, 19, 56, 27, 486359)}","{'location': 'Marino Center - 3rd Floor Select & Cardio', 'count': 42, 'time': datetime.datetime(2023, 1, 11, 19, 56, 27, 486359)}","{'location': 'Marino Center - Track', 'count': 3, 'time': datetime.datetime(2023, 1, 11, 19, 56, 27, 486359)}","{'location': 'Marino Center - Track', 'count': 3, 'time': datetime.datetime(2023, 1, 11, 19, 56, 27, 486359)}","{'location': 'SquashBusters - 4th Floor', 'count': 30, 'time': datetime.datetime(2023, 1, 11, 19, 56, 27, 487354)}","{'location': 'SquashBusters - 4th Floor', 'count': 30, 'time': datetime.datetime(2023, 1, 11, 19, 56, 27, 487354)}"
"{'location': 'Marino Center - 2nd Floor', 'count': 44, 'time': datetime.datetime(2023, 1, 11, 20, 6, 28, 671404)}","{'location': 'Marino Center - 2nd Floor', 'count': 44, 'time': datetime.datetime(2023, 1, 11, 20, 6, 28, 671404)}","{'location': 'Marino Center - Gymnasium', 'count': 40, 'time': datetime.datetime(2023, 1, 11, 20, 6, 28, 672393)}","{'location': 'Marino Center - Gymnasium', 'count': 40, 'time': datetime.datetime(2023, 1, 11, 20, 6, 28, 672393)}","{'location': 'Marino Center - 3rd Floor Weight Room', 'count': 48, 'time': datetime.datetime(2023, 1, 11, 20, 6, 28, 672393)}","{'location': 'Marino Center - 3rd Floor Weight Room', 'count': 48, 'time': datetime.datetime(2023, 1, 11, 20, 6, 28, 672393)}","{'location': 'Marino Center - 3rd Floor Select & Cardio', 'count': 38, 'time': datetime.datetime(2023, 1, 11, 20, 6, 28, 672393)}","{'location': 'Marino Center - 3rd Floor Select & Cardio', 'count': 38, 'time': datetime.datetime(2023, 1, 11, 20, 6, 28, 672393)}","{'location': 'Marino Center - Track', 'count': 4, 'time': datetime.datetime(2023, 1, 11, 20, 6, 28, 673395)}","{'location': 'Marino Center - Track', 'count': 4, 'time': datetime.datetime(2023, 1, 11, 20, 6, 28, 673395)}","{'location': 'SquashBusters - 4th Floor', 'count': 30, 'time': datetime.datetime(2023, 1, 11, 20, 6, 28, 673395)}","{'location': 'SquashBusters - 4th Floor', 'count': 30, 'time': datetime.datetime(2023, 1, 11, 20, 6, 28, 673395)}"
"{'location': 'Marino Center - 2nd Floor', 'count': 44, 'time': datetime.datetime(2023, 1, 11, 20, 21, 24, 553406)}","{'location': 'Marino Center - 2nd Floor', 'count': 44, 'time': datetime.datetime(2023, 1, 11, 20, 21, 24, 553406)}","{'location': 'Marino Center - Gymnasium', 'count': 40, 'time': datetime.datetime(2023, 1, 11, 20, 21, 24, 553406)}","{'location': 'Marino Center - Gymnasium', 'count': 40, 'time': datetime.datetime(2023, 1, 11, 20, 21, 24, 553406)}","{'location': 'Marino Center - 3rd Floor Weight Room', 'count': 48, 'time': datetime.datetime(2023, 1, 11, 20, 21, 24, 554402)}","{'location': 'Marino Center - 3rd Floor Weight Room', 'count': 48, 'time': datetime.datetime(2023, 1, 11, 20, 21, 24, 554402)}","{'location': 'Marino Center - 3rd Floor Select & Cardio', 'count': 38, 'time': datetime.datetime(2023, 1, 11, 20, 21, 24, 554402)}","{'location': 'Marino Center - 3rd Floor Select & Cardio', 'count': 38, 'time': datetime.datetime(2023, 1, 11, 20, 21, 24, 554402)}","{'location': 'Marino Center - Track', 'count': 4, 'time': datetime.datetime(2023, 1, 11, 20, 21, 24, 554402)}","{'location': 'Marino Center - Track', 'count': 4, 'time': datetime.datetime(2023, 1, 11, 20, 21, 24, 554402)}","{'location': 'SquashBusters - 4th Floor', 'count': 30, 'time': datetime.datetime(2023, 1, 11, 20, 21, 24, 555398)}","{'location': 'SquashBusters - 4th Floor', 'count': 30, 'time': datetime.datetime(2023, 1, 11, 20, 21, 24, 555398)}"
"{'location': 'Marino Center - 2nd Floor', 'count': 44, 'time': datetime.datetime(2023, 1, 11, 20, 31, 39, 171065)}","{'location': 'Marino Center - 2nd Floor', 'count': 44, 'time': datetime.datetime(2023, 1, 11, 20, 31, 39, 171065)}","{'location': 'Marino Center - Gymnasium', 'count': 40, 'time': datetime.datetime(2023, 1, 11, 20, 31, 39, 171065)}","{'location': 'Marino Center - Gymnasium', 'count': 40, 'time': datetime.datetime(2023, 1, 11, 20, 31, 39, 172147)}","{'location': 'Marino Center - 3rd Floor Weight Room', 'count': 48, 'time': datetime.datetime(2023, 1, 11, 20, 31, 39, 172147)}","{'location': 'Marino Center - 3rd Floor Weight Room', 'count': 48, 'time': datetime.datetime(2023, 1, 11, 20, 31, 39, 172147)}","{'location': 'Marino Center - 3rd Floor Select & Cardio', 'count': 38, 'time': datetime.datetime(2023, 1, 11, 20, 31, 39, 172147)}","{'location': 'Marino Center - 3rd Floor Select & Cardio', 'count': 38, 'time': datetime.datetime(2023, 1, 11, 20, 31, 39, 173051)}","{'location': 'Marino Center - Track', 'count': 4, 'time': datetime.datetime(2023, 1, 11, 20, 31, 39, 173051)}","{'location': 'Marino Center - Track', 'count': 4, 'time': datetime.datetime(2023, 1, 11, 20, 31, 39, 173051)}","{'location': 'SquashBusters - 4th Floor', 'count': 30, 'time': datetime.datetime(2023, 1, 11, 20, 31, 39, 173051)}","{'location': 'SquashBusters - 4th Floor', 'count': 30, 'time': datetime.datetime(2023, 1, 11, 20, 31, 39, 174039)}"
"{'location': 'Marino Center - 2nd Floor', 'count': 44, 'time': datetime.datetime(2023, 1, 11, 20, 41, 40, 112269)}","{'location': 'Marino Center - 2nd Floor', 'count': 44, 'time': datetime.datetime(2023, 1, 11, 20, 41, 40, 112269)}","{'location': 'Marino Center - Gymnasium', 'count': 40, 'time': datetime.datetime(2023, 1, 11, 20, 41, 40, 112269)}","{'location': 'Marino Center - Gymnasium', 'count': 40, 'time': datetime.datetime(2023, 1, 11, 20, 41, 40, 112269)}","{'location': 'Marino Center - 3rd Floor Weight Room', 'count': 48, 'time': datetime.datetime(2023, 1, 11, 20, 41, 40, 112269)}","{'location': 'Marino Center - 3rd Floor Weight Room', 'count': 48, 'time': datetime.datetime(2023, 1, 11, 20, 41, 40, 112269)}","{'location': 'Marino Center - 3rd Floor Select & Cardio', 'count': 38, 'time': datetime.datetime(2023, 1, 11, 20, 41, 40, 113257)}","{'location': 'Marino Center - 3rd Floor Select & Cardio', 'count': 38, 'time': datetime.datetime(2023, 1, 11, 20, 41, 40, 113257)}","{'location': 'Marino Center - Track', 'count': 4, 'time': datetime.datetime(2023, 1, 11, 20, 41, 40, 113257)}","{'location': 'Marino Center - Track', 'count': 4, 'time': datetime.datetime(2023, 1, 11, 20, 41, 40, 113257)}","{'location': 'SquashBusters - 4th Floor', 'count': 30, 'time': datetime.datetime(2023, 1, 11, 20, 41, 40, 113257)}","{'location': 'SquashBusters - 4th Floor', 'count': 30, 'time': datetime.datetime(2023, 1, 11, 20, 41, 40, 113257)}"
"{'location': 'Marino Center - 2nd Floor', 'count': 44, 'time': datetime.datetime(2023, 1, 11, 20, 51, 41, 592447)}","{'location': 'Marino Center - 2nd Floor', 'count': 44, 'time': datetime.datetime(2023, 1, 11, 20, 51, 41, 592447)}","{'location': 'Marino Center - Gymnasium', 'count': 40, 'time': datetime.datetime(2023, 1, 11, 20, 51, 41, 592447)}","{'location': 'Marino Center - Gymnasium', 'count': 40, 'time': datetime.datetime(2023, 1, 11, 20, 51, 41, 592447)}","{'location': 'Marino Center - 3rd Floor Weight Room', 'count': 60, 'time': datetime.datetime(2023, 1, 11, 20, 51, 41, 592447)}","{'location': 'Marino Center - 3rd Floor Weight Room', 'count': 60, 'time': datetime.datetime(2023, 1, 11, 20, 51, 41, 592447)}","{'location': 'Marino Center - 3rd Floor Select & Cardio', 'count': 51, 'time': datetime.datetime(2023, 1, 11, 20, 51, 41, 593414)}","{'location': 'Marino Center - 3rd Floor Select & Cardio', 'count': 51, 'time': datetime.datetime(2023, 1, 11, 20, 51, 41, 593414)}","{'location': 'Marino Center - Track', 'count': 4, 'time': datetime.datetime(2023, 1, 11, 20, 51, 41, 593414)}","{'location': 'Marino Center - Track', 'count': 4, 'time': datetime.datetime(2023, 1, 11, 20, 51, 41, 593414)}","{'location': 'SquashBusters - 4th Floor', 'count': 30, 'time': datetime.datetime(2023, 1, 11, 20, 51, 41, 593414)}","{'location': 'SquashBusters - 4th Floor', 'count': 30, 'time': datetime.datetime(2023, 1, 11, 20, 51, 41, 593414)}"
"{'location': 'Marino Center - 2nd Floor', 'count': 44, 'time': datetime.datetime(2023, 1, 11, 21, 1, 42, 813431)}","{'location': 'Marino Center - 2nd Floor', 'count': 44, 'time': datetime.datetime(2023, 1, 11, 21, 1, 42, 813431)}","{'location': 'Marino Center - Gymnasium', 'count': 40, 'time': datetime.datetime(2023, 1, 11, 21, 1, 42, 813431)}","{'location': 'Marino Center - Gymnasium', 'count': 40, 'time': datetime.datetime(2023, 1, 11, 21, 1, 42, 813431)}","{'location': 'Marino Center - 3rd Floor Weight Room', 'count': 60, 'time': datetime.datetime(2023, 1, 11, 21, 1, 42, 813431)}","{'location': 'Marino Center - 3rd Floor Weight Room', 'count': 60, 'time': datetime.datetime(2023, 1, 11, 21, 1, 42, 813431)}","{'location': 'Marino Center - 3rd Floor Select & Cardio', 'count': 51, 'time': datetime.datetime(2023, 1, 11, 21, 1, 42, 814426)}","{'location': 'Marino Center - 3rd Floor Select & Cardio', 'count': 51, 'time': datetime.datetime(2023, 1, 11, 21, 1, 42, 814426)}","{'location': 'Marino Center - Track', 'count': 4, 'time': datetime.datetime(2023, 1, 11, 21, 1, 42, 814426)}","{'location': 'Marino Center - Track', 'count': 4, 'time': datetime.datetime(2023, 1, 11, 21, 1, 42, 814426)}","{'location': 'SquashBusters - 4th Floor', 'count': 30, 'time': datetime.datetime(2023, 1, 11, 21, 1, 42, 814426)}","{'location': 'SquashBusters - 4th Floor', 'count': 30, 'time': datetime.datetime(2023, 1, 11, 21, 1, 42, 814426)}"
"{'location': 'Marino Center - 2nd Floor', 'count': 70, 'time': datetime.datetime(2023, 1, 11, 21, 11, 43, 789450)}","{'location': 'Marino Center - 2nd Floor', 'count': 70, 'time': datetime.datetime(2023, 1, 11, 21, 11, 43, 789450)}","{'location': 'Marino Center - Gymnasium', 'count': 55, 'time': datetime.datetime(2023, 1, 11, 21, 11, 43, 789450)}","{'location': 'Marino Center - Gymnasium', 'count': 55, 'time': datetime.datetime(2023, 1, 11, 21, 11, 43, 789450)}","{'location': 'Marino Center - 3rd Floor Weight Room', 'count': 60, 'time': datetime.datetime(2023, 1, 11, 21, 11, 43, 789450)}","{'location': 'Marino Center - 3rd Floor Weight Room', 'count': 60, 'time': datetime.datetime(2023, 1, 11, 21, 11, 43, 790317)}","{'location': 'Marino Center - 3rd Floor Select & Cardio', 'count': 51, 'time': datetime.datetime(2023, 1, 11, 21, 11, 43, 790317)}","{'location': 'Marino Center - 3rd Floor Select & Cardio', 'count': 51, 'time': datetime.datetime(2023, 1, 11, 21, 11, 43, 790317)}","{'location': 'Marino Center - Track', 'count': 4, 'time': datetime.datetime(2023, 1, 11, 21, 11, 43, 790317)}","{'location': 'Marino Center - Track', 'count': 4, 'time': datetime.datetime(2023, 1, 11, 21, 11, 43, 790317)}","{'location': 'SquashBusters - 4th Floor', 'count': 30, 'time': datetime.datetime(2023, 1, 11, 21, 11, 43, 790317)}","{'location': 'SquashBusters - 4th Floor', 'count': 30, 'time': datetime.datetime(2023, 1, 11, 21, 11, 43, 790317)}"
"{'location': 'Marino Center - 2nd Floor', 'count': 70, 'time': datetime.datetime(2023, 1, 11, 21, 21, 44, 949205)}","{'location': 'Marino Center - 2nd Floor', 'count': 70, 'time': datetime.datetime(2023, 1, 11, 21, 21, 44, 949205)}","{'location': 'Marino Center - Gymnasium', 'count': 55, 'time': datetime.datetime(2023, 1, 11, 21, 21, 44, 950104)}","{'location': 'Marino Center - Gymnasium', 'count': 55, 'time': datetime.datetime(2023, 1, 11, 21, 21, 44, 950104)}","{'location': 'Marino Center - 3rd Floor Weight Room', 'count': 60, 'time': datetime.datetime(2023, 1, 11, 21, 21, 44, 950104)}","{'location': 'Marino Center - 3rd Floor Weight Room', 'count': 60, 'time': datetime.datetime(2023, 1, 11, 21, 21, 44, 950104)}","{'location': 'Marino Center - 3rd Floor Select & Cardio', 'count': 51, 'time': datetime.datetime(2023, 1, 11, 21, 21, 44, 951197)}","{'location': 'Marino Center - 3rd Floor Select & Cardio', 'count': 51, 'time': datetime.datetime(2023, 1, 11, 21, 21, 44, 951197)}","{'location': 'Marino Center - Track', 'count': 4, 'time': datetime.datetime(2023, 1, 11, 21, 21, 44, 951197)}","{'location': 'Marino Center - Track', 'count': 4, 'time': datetime.datetime(2023, 1, 11, 21, 21, 44, 951197)}","{'location': 'SquashBusters - 4th Floor', 'count': 30, 'time': datetime.datetime(2023, 1, 11, 21, 21, 44, 952127)}","{'location': 'SquashBusters - 4th Floor', 'count': 30, 'time': datetime.datetime(2023, 1, 11, 21, 21, 44, 952127)}"
"{'location': 'Marino Center - 2nd Floor', 'count': 70, 'time': datetime.datetime(2023, 1, 11, 21, 31, 46, 111318)}","{'location': 'Marino Center - 2nd Floor', 'count': 70, 'time': datetime.datetime(2023, 1, 11, 21, 31, 46, 111318)}","{'location': 'Marino Center - Gymnasium', 'count': 55, 'time': datetime.datetime(2023, 1, 11, 21, 31, 46, 111318)}","{'location': 'Marino Center - Gymnasium', 'count': 55, 'time': datetime.datetime(2023, 1, 11, 21, 31, 46, 111318)}","{'location': 'Marino Center - 3rd Floor Weight Room', 'count': 60, 'time': datetime.datetime(2023, 1, 11, 21, 31, 46, 112271)}","{'location': 'Marino Center - 3rd Floor Weight Room', 'count': 60, 'time': datetime.datetime(2023, 1, 11, 21, 31, 46, 112271)}","{'location': 'Marino Center - 3rd Floor Select & Cardio', 'count': 51, 'time': datetime.datetime(2023, 1, 11, 21, 31, 46, 112271)}","{'location': 'Marino Center - 3rd Floor Select & Cardio', 'count': 51, 'time': datetime.datetime(2023, 1, 11, 21, 31, 46, 112271)}","{'location': 'Marino Center - Track', 'count': 4, 'time': datetime.datetime(2023, 1, 11, 21, 31, 46, 112271)}","{'location': 'Marino Center - Track', 'count': 4, 'time': datetime.datetime(2023, 1, 11, 21, 31, 46, 112271)}","{'location': 'SquashBusters - 4th Floor', 'count': 30, 'time': datetime.datetime(2023, 1, 11, 21, 31, 46, 112271)}","{'location': 'SquashBusters - 4th Floor', 'count': 30, 'time': datetime.datetime(2023, 1, 11, 21, 31, 46, 112271)}"
"{'location': 'Marino Center - 2nd Floor', 'count': 71, 'time': datetime.datetime(2023, 1, 11, 21, 41, 47, 337560)}","{'location': 'Marino Center - 2nd Floor', 'count': 71, 'time': datetime.datetime(2023, 1, 11, 21, 41, 47, 337560)}","{'location': 'Marino Center - Gymnasium', 'count': 56, 'time': datetime.datetime(2023, 1, 11, 21, 41, 47, 337560)}","{'location': 'Marino Center - Gymnasium', 'count': 56, 'time': datetime.datetime(2023, 1, 11, 21, 41, 47, 338551)}","{'location': 'Marino Center - 3rd Floor Weight Room', 'count': 58, 'time': datetime.datetime(2023, 1, 11, 21, 41, 47, 338551)}","{'location': 'Marino Center - 3rd Floor Weight Room', 'count': 58, 'time': datetime.datetime(2023, 1, 11, 21, 41, 47, 338551)}","{'location': 'Marino Center - 3rd Floor Select & Cardio', 'count': 48, 'time': datetime.datetime(2023, 1, 11, 21, 41, 47, 338551)}","{'location': 'Marino Center - 3rd Floor Select & Cardio', 'count': 48, 'time': datetime.datetime(2023, 1, 11, 21, 41, 47, 338551)}","{'location': 'Marino Center - Track', 'count': 6, 'time': datetime.datetime(2023, 1, 11, 21, 41, 47, 338551)}","{'location': 'Marino Center - Track', 'count': 6, 'time': datetime.datetime(2023, 1, 11, 21, 41, 47, 338551)}","{'location': 'SquashBusters - 4th Floor', 'count': 30, 'time': datetime.datetime(2023, 1, 11, 21, 41, 47, 338551)}","{'location': 'SquashBusters - 4th Floor', 'count': 30, 'time': datetime.datetime(2023, 1, 11, 21, 41, 47, 339429)}"
"{'location': 'Marino Center - 2nd Floor', 'count': 71, 'time': datetime.datetime(2023, 1, 11, 21, 51, 48, 498263)}","{'location': 'Marino Center - 2nd Floor', 'count': 71, 'time': datetime.datetime(2023, 1, 11, 21, 51, 48, 498263)}","{'location': 'Marino Center - Gymnasium', 'count': 56, 'time': datetime.datetime(2023, 1, 11, 21, 51, 48, 498263)}","{'location': 'Marino Center - Gymnasium', 'count': 56, 'time': datetime.datetime(2023, 1, 11, 21, 51, 48, 499177)}","{'location': 'Marino Center - 3rd Floor Weight Room', 'count': 58, 'time': datetime.datetime(2023, 1, 11, 21, 51, 48, 499177)}","{'location': 'Marino Center - 3rd Floor Weight Room', 'count': 58, 'time': datetime.datetime(2023, 1, 11, 21, 51, 48, 499177)}","{'location': 'Marino Center - 3rd Floor Select & Cardio', 'count': 48, 'time': datetime.datetime(2023, 1, 11, 21, 51, 48, 499177)}","{'location': 'Marino Center - 3rd Floor Select & Cardio', 'count': 48, 'time': datetime.datetime(2023, 1, 11, 21, 51, 48, 499177)}","{'location': 'Marino Center - Track', 'count': 6, 'time': datetime.datetime(2023, 1, 11, 21, 51, 48, 499177)}","{'location': 'Marino Center - Track', 'count': 6, 'time': datetime.datetime(2023, 1, 11, 21, 51, 48, 499177)}","{'location': 'SquashBusters - 4th Floor', 'count': 30, 'time': datetime.datetime(2023, 1, 11, 21, 51, 48, 500185)}","{'location': 'SquashBusters - 4th Floor', 'count': 30, 'time': datetime.datetime(2023, 1, 11, 21, 51, 48, 500185)}"
"{'location': 'Marino Center - 2nd Floor', 'count': 71, 'time': datetime.datetime(2023, 1, 11, 22, 1, 49, 406653)}","{'location': 'Marino Center - 2nd Floor', 'count': 71, 'time': datetime.datetime(2023, 1, 11, 22, 1, 49, 406653)}","{'location': 'Marino Center - Gymnasium', 'count': 56, 'time': datetime.datetime(2023, 1, 11, 22, 1, 49, 407578)}","{'location': 'Marino Center - Gymnasium', 'count': 56, 'time': datetime.datetime(2023, 1, 11, 22, 1, 49, 407578)}","{'location': 'Marino Center - 3rd Floor Weight Room', 'count': 58, 'time': datetime.datetime(2023, 1, 11, 22, 1, 49, 407578)}","{'location': 'Marino Center - 3rd Floor Weight Room', 'count': 58, 'time': datetime.datetime(2023, 1, 11, 22, 1, 49, 407578)}","{'location': 'Marino Center - 3rd Floor Select & Cardio', 'count': 48, 'time': datetime.datetime(2023, 1, 11, 22, 1, 49, 407578)}","{'location': 'Marino Center - 3rd Floor Select & Cardio', 'count': 48, 'time': datetime.datetime(2023, 1, 11, 22, 1, 49, 407578)}","{'location': 'Marino Center - Track', 'count': 6, 'time': datetime.datetime(2023, 1, 11, 22, 1, 49, 407578)}","{'location': 'Marino Center - Track', 'count': 6, 'time': datetime.datetime(2023, 1, 11, 22, 1, 49, 407578)}","{'location': 'SquashBusters - 4th Floor', 'count': 30, 'time': datetime.datetime(2023, 1, 11, 22, 1, 49, 407578)}","{'location': 'SquashBusters - 4th Floor', 'count': 30, 'time': datetime.datetime(2023, 1, 11, 22, 1, 49, 407578)}"
"{'location': 'Marino Center - 2nd Floor', 'count': 70, 'time': datetime.datetime(2023, 1, 11, 22, 11, 50, 379372)}","{'location': 'Marino Center - 2nd Floor', 'count': 70, 'time': datetime.datetime(2023, 1, 11, 22, 11, 50, 379372)}","{'location': 'Marino Center - Gymnasium', 'count': 57, 'time': datetime.datetime(2023, 1, 11, 22, 11, 50, 380345)}","{'location': 'Marino Center - Gymnasium', 'count': 57, 'time': datetime.datetime(2023, 1, 11, 22, 11, 50, 380345)}","{'location': 'Marino Center - 3rd Floor Weight Room', 'count': 63, 'time': datetime.datetime(2023, 1, 11, 22, 11, 50, 380345)}","{'location': 'Marino Center - 3rd Floor Weight Room', 'count': 63, 'time': datetime.datetime(2023, 1, 11, 22, 11, 50, 380345)}","{'location': 'Marino Center - 3rd Floor Select & Cardio', 'count': 50, 'time': datetime.datetime(2023, 1, 11, 22, 11, 50, 381319)}","{'location': 'Marino Center - 3rd Floor Select & Cardio', 'count': 50, 'time': datetime.datetime(2023, 1, 11, 22, 11, 50, 381319)}","{'location': 'Marino Center - Track', 'count': 5, 'time': datetime.datetime(2023, 1, 11, 22, 11, 50, 381319)}","{'location': 'Marino Center - Track', 'count': 5, 'time': datetime.datetime(2023, 1, 11, 22, 11, 50, 382293)}","{'location': 'SquashBusters - 4th Floor', 'count': 30, 'time': datetime.datetime(2023, 1, 11, 22, 11, 50, 382293)}","{'location': 'SquashBusters - 4th Floor', 'count': 30, 'time': datetime.datetime(2023, 1, 11, 22, 11, 50, 382293)}"
"{'location': 'Marino Center - 2nd Floor', 'count': 70, 'time': datetime.datetime(2023, 1, 11, 22, 21, 51, 378308)}","{'location': 'Marino Center - 2nd Floor', 'count': 70, 'time': datetime.datetime(2023, 1, 11, 22, 21, 51, 378308)}","{'location': 'Marino Center - Gymnasium', 'count': 57, 'time': datetime.datetime(2023, 1, 11, 22, 21, 51, 378308)}","{'location': 'Marino Center - Gymnasium', 'count': 57, 'time': datetime.datetime(2023, 1, 11, 22, 21, 51, 378308)}","{'location': 'Marino Center - 3rd Floor Weight Room', 'count': 63, 'time': datetime.datetime(2023, 1, 11, 22, 21, 51, 378308)}","{'location': 'Marino Center - 3rd Floor Weight Room', 'count': 63, 'time': datetime.datetime(2023, 1, 11, 22, 21, 51, 378308)}","{'location': 'Marino Center - 3rd Floor Select & Cardio', 'count': 50, 'time': datetime.datetime(2023, 1, 11, 22, 21, 51, 378308)}","{'location': 'Marino Center - 3rd Floor Select & Cardio', 'count': 50, 'time': datetime.datetime(2023, 1, 11, 22, 21, 51, 378308)}","{'location': 'Marino Center - Track', 'count': 5, 'time': datetime.datetime(2023, 1, 11, 22, 21, 51, 379332)}","{'location': 'Marino Center - Track', 'count': 5, 'time': datetime.datetime(2023, 1, 11, 22, 21, 51, 379332)}","{'location': 'SquashBusters - 4th Floor', 'count': 30, 'time': datetime.datetime(2023, 1, 11, 22, 21, 51, 379332)}","{'location': 'SquashBusters - 4th Floor', 'count': 30, 'time': datetime.datetime(2023, 1, 11, 22, 21, 51, 379332)}"
"{'location': 'Marino Center - 2nd Floor', 'count': 71, 'time': datetime.datetime(2023, 1, 11, 22, 31, 52, 420113)}","{'location': 'Marino Center - 2nd Floor', 'count': 71, 'time': datetime.datetime(2023, 1, 11, 22, 31, 52, 420113)}","{'location': 'Marino Center - Gymnasium', 'count': 58, 'time': datetime.datetime(2023, 1, 11, 22, 31, 52, 420113)}","{'location': 'Marino Center - Gymnasium', 'count': 58, 'time': datetime.datetime(2023, 1, 11, 22, 31, 52, 420113)}","{'location': 'Marino Center - 3rd Floor Weight Room', 'count': 65, 'time': datetime.datetime(2023, 1, 11, 22, 31, 52, 420113)}","{'location': 'Marino Center - 3rd Floor Weight Room', 'count': 65, 'time': datetime.datetime(2023, 1, 11, 22, 31, 52, 420113)}","{'location': 'Marino Center - 3rd Floor Select & Cardio', 'count': 51, 'time': datetime.datetime(2023, 1, 11, 22, 31, 52, 420113)}","{'location': 'Marino Center - 3rd Floor Select & Cardio', 'count': 51, 'time': datetime.datetime(2023, 1, 11, 22, 31, 52, 421184)}","{'location': 'Marino Center - Track', 'count': 7, 'time': datetime.datetime(2023, 1, 11, 22, 31, 52, 421184)}","{'location': 'Marino Center - Track', 'count': 7, 'time': datetime.datetime(2023, 1, 11, 22, 31, 52, 421184)}","{'location': 'SquashBusters - 4th Floor', 'count': 30, 'time': datetime.datetime(2023, 1, 11, 22, 31, 52, 421184)}","{'location': 'SquashBusters - 4th Floor', 'count': 30, 'time': datetime.datetime(2023, 1, 11, 22, 31, 52, 421184)}"
"{'location': 'Marino Center - 2nd Floor', 'count': 71, 'time': datetime.datetime(2023, 1, 11, 22, 41, 53, 320382)}","{'location': 'Marino Center - 2nd Floor', 'count': 71, 'time': datetime.datetime(2023, 1, 11, 22, 41, 53, 320382)}","{'location': 'Marino Center - Gymnasium', 'count': 58, 'time': datetime.datetime(2023, 1, 11, 22, 41, 53, 321343)}","{'location': 'Marino Center - Gymnasium', 'count': 58, 'time': datetime.datetime(2023, 1, 11, 22, 41, 53, 321343)}","{'location': 'Marino Center - 3rd Floor Weight Room', 'count': 65, 'time': datetime.datetime(2023, 1, 11, 22, 41, 53, 321343)}","{'location': 'Marino Center - 3rd Floor Weight Room', 'count': 65, 'time': datetime.datetime(2023, 1, 11, 22, 41, 53, 321343)}","{'location': 'Marino Center - 3rd Floor Select & Cardio', 'count': 51, 'time': datetime.datetime(2023, 1, 11, 22, 41, 53, 321343)}","{'location': 'Marino Center - 3rd Floor Select & Cardio', 'count': 51, 'time': datetime.datetime(2023, 1, 11, 22, 41, 53, 322230)}","{'location': 'Marino Center - Track', 'count': 7, 'time': datetime.datetime(2023, 1, 11, 22, 41, 53, 322230)}","{'location': 'Marino Center - Track', 'count': 7, 'time': datetime.datetime(2023, 1, 11, 22, 41, 53, 322230)}","{'location': 'SquashBusters - 4th Floor', 'count': 30, 'time': datetime.datetime(2023, 1, 11, 22, 41, 53, 322230)}","{'location': 'SquashBusters - 4th Floor', 'count': 30, 'time': datetime.datetime(2023, 1, 11, 22, 41, 53, 322230)}"
"{'location': 'Marino Center - 2nd Floor', 'count': 71, 'time': datetime.datetime(2023, 1, 11, 22, 51, 54, 425627)}","{'location': 'Marino Center - 2nd Floor', 'count': 71, 'time': datetime.datetime(2023, 1, 11, 22, 51, 54, 425627)}","{'location': 'Marino Center - Gymnasium', 'count': 58, 'time': datetime.datetime(2023, 1, 11, 22, 51, 54, 425627)}","{'location': 'Marino Center - Gymnasium', 'count': 58, 'time': datetime.datetime(2023, 1, 11, 22, 51, 54, 425627)}","{'location': 'Marino Center - 3rd Floor Weight Room', 'count': 65, 'time': datetime.datetime(2023, 1, 11, 22, 51, 54, 426513)}","{'location': 'Marino Center - 3rd Floor Weight Room', 'count': 65, 'time': datetime.datetime(2023, 1, 11, 22, 51, 54, 426513)}","{'location': 'Marino Center - 3rd Floor Select & Cardio', 'count': 51, 'time': datetime.datetime(2023, 1, 11, 22, 51, 54, 426513)}","{'location': 'Marino Center - 3rd Floor Select & Cardio', 'count': 51, 'time': datetime.datetime(2023, 1, 11, 22, 51, 54, 426513)}","{'location': 'Marino Center - Track', 'count': 7, 'time': datetime.datetime(2023, 1, 11, 22, 51, 54, 426513)}","{'location': 'Marino Center - Track', 'count': 7, 'time': datetime.datetime(2023, 1, 11, 22, 51, 54, 426513)}","{'location': 'SquashBusters - 4th Floor', 'count': 57, 'time': datetime.datetime(2023, 1, 11, 22, 51, 54, 426513)}","{'location': 'SquashBusters - 4th Floor', 'count': 57, 'time': datetime.datetime(2023, 1, 11, 22, 51, 54, 426513)}"
"{'location': 'Marino Center - 2nd Floor', 'count': 72, 'time': datetime.datetime(2023, 1, 11, 23, 1, 55, 372070)}","{'location': 'Marino Center - 2nd Floor', 'count': 72, 'time': datetime.datetime(2023, 1, 11, 23, 1, 55, 372070)}","{'location': 'Marino Center - Gymnasium', 'count': 59, 'time': datetime.datetime(2023, 1, 11, 23, 1, 55, 372944)}","{'location': 'Marino Center - Gymnasium', 'count': 59, 'time': datetime.datetime(2023, 1, 11, 23, 1, 55, 372944)}","{'location': 'Marino Center - 3rd Floor Weight Room', 'count': 69, 'time': datetime.datetime(2023, 1, 11, 23, 1, 55, 372944)}","{'location': 'Marino Center - 3rd Floor Weight Room', 'count': 69, 'time': datetime.datetime(2023, 1, 11, 23, 1, 55, 372944)}","{'location': 'Marino Center - 3rd Floor Select & Cardio', 'count': 52, 'time': datetime.datetime(2023, 1, 11, 23, 1, 55, 372944)}","{'location': 'Marino Center - 3rd Floor Select & Cardio', 'count': 52, 'time': datetime.datetime(2023, 1, 11, 23, 1, 55, 372944)}","{'location': 'Marino Center - Track', 'count': 9, 'time': datetime.datetime(2023, 1, 11, 23, 1, 55, 374017)}","{'location': 'Marino Center - Track', 'count': 9, 'time': datetime.datetime(2023, 1, 11, 23, 1, 55, 374017)}","{'location': 'SquashBusters - 4th Floor', 'count': 57, 'time': datetime.datetime(2023, 1, 11, 23, 1, 55, 374017)}","{'location': 'SquashBusters - 4th Floor', 'count': 57, 'time': datetime.datetime(2023, 1, 11, 23, 1, 55, 374017)}"
"{'location': 'Marino Center - 2nd Floor', 'count': 42, 'time': datetime.datetime(2023, 1, 12, 2, 0, 18, 991632)}","{'location': 'Marino Center - 2nd Floor', 'count': 42, 'time': datetime.datetime(2023, 1, 12, 2, 0, 18, 991632)}","{'location': 'Marino Center - Gymnasium', 'count': 40, 'time': datetime.datetime(2023, 1, 12, 2, 0, 18, 991632)}","{'location': 'Marino Center - Gymnasium', 'count': 40, 'time': datetime.datetime(2023, 1, 12, 2, 0, 18, 991632)}","{'location': 'Marino Center - 3rd Floor Weight Room', 'count': 41, 'time': datetime.datetime(2023, 1, 12, 2, 0, 18, 991632)}","{'location': 'Marino Center - 3rd Floor Weight Room', 'count': 41, 'time': datetime.datetime(2023, 1, 12, 2, 0, 18, 992628)}","{'location': 'Marino Center - 3rd Floor Select & Cardio', 'count': 50, 'time': datetime.datetime(2023, 1, 12, 2, 0, 18, 992628)}","{'location': 'Marino Center - 3rd Floor Select & Cardio', 'count': 50, 'time': datetime.datetime(2023, 1, 12, 2, 0, 18, 992628)}","{'location': 'Marino Center - Track', 'count': 13, 'time': datetime.datetime(2023, 1, 12, 2, 0, 18, 993626)}","{'location': 'Marino Center - Track', 'count': 13, 'time': datetime.datetime(2023, 1, 12, 2, 0, 18, 993626)}","{'location': 'SquashBusters - 4th Floor', 'count': 45, 'time': datetime.datetime(2023, 1, 12, 2, 0, 18, 994626)}","{'location': 'SquashBusters - 4th Floor', 'count': 45, 'time': datetime.datetime(2023, 1, 12, 2, 0, 18, 994626)}"
"{'location': 'Marino Center - 2nd Floor', 'count': 50, 'time': datetime.datetime(2023, 1, 12, 2, 10, 19, 949505)}","{'location': 'Marino Center - 2nd Floor', 'count': 50, 'time': datetime.datetime(2023, 1, 12, 2, 10, 19, 949505)}","{'location': 'Marino Center - Gymnasium', 'count': 34, 'time': datetime.datetime(2023, 1, 12, 2, 10, 19, 949505)}","{'location': 'Marino Center - Gymnasium', 'count': 34, 'time': datetime.datetime(2023, 1, 12, 2, 10, 19, 950501)}","{'location': 'Marino Center - 3rd Floor Weight Room', 'count': 41, 'time': datetime.datetime(2023, 1, 12, 2, 10, 19, 950501)}","{'location': 'Marino Center - 3rd Floor Weight Room', 'count': 41, 'time': datetime.datetime(2023, 1, 12, 2, 10, 19, 950501)}","{'location': 'Marino Center - 3rd Floor Select & Cardio', 'count': 50, 'time': datetime.datetime(2023, 1, 12, 2, 10, 19, 950501)}","{'location': 'Marino Center - 3rd Floor Select & Cardio', 'count': 50, 'time': datetime.datetime(2023, 1, 12, 2, 10, 19, 950501)}","{'location': 'Marino Center - Track', 'count': 13, 'time': datetime.datetime(2023, 1, 12, 2, 10, 19, 950501)}","{'location': 'Marino Center - Track', 'count': 13, 'time': datetime.datetime(2023, 1, 12, 2, 10, 19, 950501)}","{'location': 'SquashBusters - 4th Floor', 'count': 45, 'time': datetime.datetime(2023, 1, 12, 2, 10, 19, 951498)}","{'location': 'SquashBusters - 4th Floor', 'count': 45, 'time': datetime.datetime(2023, 1, 12, 2, 10, 19, 951498)}"
"{'location': 'Marino Center - 2nd Floor', 'count': 50, 'time': datetime.datetime(2023, 1, 12, 2, 20, 20, 870846)}","{'location': 'Marino Center - 2nd Floor', 'count': 50, 'time': datetime.datetime(2023, 1, 12, 2, 20, 20, 870846)}","{'location': 'Marino Center - Gymnasium', 'count': 34, 'time': datetime.datetime(2023, 1, 12, 2, 20, 20, 871840)}","{'location': 'Marino Center - Gymnasium', 'count': 34, 'time': datetime.datetime(2023, 1, 12, 2, 20, 20, 871840)}","{'location': 'Marino Center - 3rd Floor Weight Room', 'count': 41, 'time': datetime.datetime(2023, 1, 12, 2, 20, 20, 871840)}","{'location': 'Marino Center - 3rd Floor Weight Room', 'count': 41, 'time': datetime.datetime(2023, 1, 12, 2, 20, 20, 872839)}","{'location': 'Marino Center - 3rd Floor Select & Cardio', 'count': 50, 'time': datetime.datetime(2023, 1, 12, 2, 20, 20, 872839)}","{'location': 'Marino Center - 3rd Floor Select & Cardio', 'count': 50, 'time': datetime.datetime(2023, 1, 12, 2, 20, 20, 872839)}","{'location': 'Marino Center - Track', 'count': 13, 'time': datetime.datetime(2023, 1, 12, 2, 20, 20, 872839)}","{'location': 'Marino Center - Track', 'count': 13, 'time': datetime.datetime(2023, 1, 12, 2, 20, 20, 872839)}","{'location': 'SquashBusters - 4th Floor', 'count': 45, 'time': datetime.datetime(2023, 1, 12, 2, 20, 20, 873842)}","{'location': 'SquashBusters - 4th Floor', 'count': 45, 'time': datetime.datetime(2023, 1, 12, 2, 20, 20, 873842)}"
"{'location': 'Marino Center - 2nd Floor', 'count': 54, 'time': datetime.datetime(2023, 1, 12, 2, 30, 21, 837714)}","{'location': 'Marino Center - 2nd Floor', 'count': 54, 'time': datetime.datetime(2023, 1, 12, 2, 30, 21, 837714)}","{'location': 'Marino Center - Gymnasium', 'count': 30, 'time': datetime.datetime(2023, 1, 12, 2, 30, 21, 838714)}","{'location': 'Marino Center - Gymnasium', 'count': 30, 'time': datetime.datetime(2023, 1, 12, 2, 30, 21, 838714)}","{'location': 'Marino Center - 3rd Floor Weight Room', 'count': 41, 'time': datetime.datetime(2023, 1, 12, 2, 30, 21, 838714)}","{'location': 'Marino Center - 3rd Floor Weight Room', 'count': 41, 'time': datetime.datetime(2023, 1, 12, 2, 30, 21, 838714)}","{'location': 'Marino Center - 3rd Floor Select & Cardio', 'count': 50, 'time': datetime.datetime(2023, 1, 12, 2, 30, 21, 838714)}","{'location': 'Marino Center - 3rd Floor Select & Cardio', 'count': 50, 'time': datetime.datetime(2023, 1, 12, 2, 30, 21, 838714)}","{'location': 'Marino Center - Track', 'count': 13, 'time': datetime.datetime(2023, 1, 12, 2, 30, 21, 838714)}","{'location': 'Marino Center - Track', 'count': 13, 'time': datetime.datetime(2023, 1, 12, 2, 30, 21, 839698)}","{'location': 'SquashBusters - 4th Floor', 'count': 45, 'time': datetime.datetime(2023, 1, 12, 2, 30, 21, 839698)}","{'location': 'SquashBusters - 4th Floor', 'count': 45, 'time': datetime.datetime(2023, 1, 12, 2, 30, 21, 839698)}"
